sensor_timestamp,sensor_value,fire_lat,fire_lon,confidence,fire_radiative_power,modis_timestamp,fire_detected
2025-04-06 13:53:57.122911,349,-24.0804,-15.6437,20,3.12,2025-04-06 13:52:00.122911,0
2025-04-06 13:54:57.122911,286,-33.5591,52.7432,39,14.16,2025-04-06 13:53:50.122911,0
2025-04-06 13:55:57.122911,684,-7.0097,-16.5001,86,88.22,2025-04-06 13:55:13.122911,1
2025-04-06 13:56:57.122911,400,-8.2277,53.7423,46,12.37,2025-04-06 13:54:17.122911,0
2025-04-06 13:57:57.122911,341,32.5942,40.6298,17,18.98,2025-04-06 13:57:19.122911,0
2025-04-06 13:58:57.122911,662,12.8284,25.7497,89,51.33,2025-04-06 13:58:20.122911,1
2025-04-06 13:59:57.122911,382,4.739,-17.6515,5,4.16,2025-04-06 13:57:02.122911,0
2025-04-06 14:00:57.122911,177,29.8661,34.5454,33,7.9,2025-04-06 14:00:13.122911,0
2025-04-06 14:01:57.122911,288,6.0726,52.3941,17,10.79,2025-04-06 13:59:24.122911,0
2025-04-06 14:02:57.122911,433,34.0821,37.9184,82,29.69,2025-04-06 14:00:12.122911,1
2025-04-06 14:03:57.122911,400,10.5754,48.622,4,18.53,2025-04-06 14:02:16.122911,0
2025-04-06 14:04:57.122911,393,-13.2312,4.3887,32,1.27,2025-04-06 14:02:49.122911,0
2025-04-06 14:05:57.122911,142,14.9271,37.0589,34,2.39,2025-04-06 14:03:06.122911,0
2025-04-06 14:06:57.122911,363,-27.2376,12.9502,8,14.21,2025-04-06 14:05:25.122911,0
2025-04-06 14:07:57.122911,294,-17.5495,10.7787,3,18.15,2025-04-06 14:06:59.122911,0
2025-04-06 14:08:57.122911,616,26.6327,26.8266,96,110.32,2025-04-06 14:07:26.122911,1
2025-04-06 14:09:57.122911,391,26.8296,4.3259,43,8.33,2025-04-06 14:07:56.122911,0
2025-04-06 14:10:57.122911,332,10.3383,-19.961,32,5.44,2025-04-06 14:10:25.122911,0
2025-04-06 14:11:57.122911,300,-16.1411,-1.6906,36,13.85,2025-04-06 14:10:29.122911,0
2025-04-06 14:12:57.122911,276,-6.7315,-15.1331,31,11.16,2025-04-06 14:11:36.122911,0
2025-04-06 14:13:57.122911,381,-32.4179,25.7173,36,5.7,2025-04-06 14:11:18.122911,0
2025-04-06 14:14:57.122911,194,28.5786,-2.0329,22,5.57,2025-04-06 14:12:18.122911,0
2025-04-06 14:15:57.122911,100,18.3134,-2.1772,54,13.44,2025-04-06 14:14:50.122911,0
2025-04-06 14:16:57.122911,400,-7.0823,41.2324,51,19.67,2025-04-06 14:14:04.122911,0
2025-04-06 14:17:57.122911,492,12.4295,-18.7559,72,96.82,2025-04-06 14:15:01.122911,1
2025-04-06 14:18:57.122911,392,13.3656,9.0052,6,3.49,2025-04-06 14:17:06.122911,0
2025-04-06 14:19:57.122911,348,26.4138,-0.6544,49,18.49,2025-04-06 14:17:04.122911,0
2025-04-06 14:20:57.122911,392,-16.742,54.719,56,10.33,2025-04-06 14:18:08.122911,0
2025-04-06 14:21:57.122911,648,27.7977,46.5315,88,114.37,2025-04-06 14:19:28.122911,1
2025-04-06 14:22:57.122911,315,-23.686,47.3916,51,1.68,2025-04-06 14:21:04.122911,0
2025-04-06 14:23:57.122911,115,-23.7434,21.155,24,0.1,2025-04-06 14:22:34.122911,0
2025-04-06 14:24:57.122911,400,-33.7347,17.042,40,3.52,2025-04-06 14:23:40.122911,0
2025-04-06 14:25:57.122911,376,2.9778,18.1611,16,6.16,2025-04-06 14:23:29.122911,0
2025-04-06 14:26:57.122911,613,27.4433,27.3354,75,71.1,2025-04-06 14:26:07.122911,1
2025-04-06 14:27:57.122911,400,-0.0565,22.9003,4,4.6,2025-04-06 14:26:39.122911,0
2025-04-06 14:28:57.122911,504,17.3403,51.4804,90,134.85,2025-04-06 14:26:55.122911,1
2025-04-06 14:29:57.122911,347,-13.6012,-5.6817,32,1.51,2025-04-06 14:28:21.122911,0
2025-04-06 14:30:57.122911,466,13.7221,22.7546,79,141.7,2025-04-06 14:30:04.122911,1
2025-04-06 14:31:57.122911,363,-12.4214,43.6502,26,5.91,2025-04-06 14:29:11.122911,0
2025-04-06 14:32:57.122911,191,-14.2443,11.4836,47,11.06,2025-04-06 14:31:38.122911,0
2025-04-06 14:33:57.122911,351,-7.2251,-16.1924,0,1.42,2025-04-06 14:31:33.122911,0
2025-04-06 14:34:57.122911,400,-4.3068,30.402,27,11.58,2025-04-06 14:33:37.122911,0
2025-04-06 14:35:57.122911,738,-32.3856,41.695,95,23.97,2025-04-06 14:34:34.122911,1
2025-04-06 14:36:57.122911,113,18.8995,-3.8134,36,10.44,2025-04-06 14:36:23.122911,0
2025-04-06 14:37:57.122911,664,-25.3153,-10.0441,84,110.94,2025-04-06 14:35:34.122911,1
2025-04-06 14:38:57.122911,284,-7.0825,12.5141,29,0.82,2025-04-06 14:37:30.122911,0
2025-04-06 14:39:57.122911,372,3.4459,33.5947,84,52.53,2025-04-06 14:37:31.122911,0
2025-04-06 14:40:57.122911,400,-4.5029,34.7529,38,13.14,2025-04-06 14:39:12.122911,0
2025-04-06 14:41:57.122911,359,-28.409,3.356,83,31.93,2025-04-06 14:39:04.122911,0
2025-04-06 14:42:57.122911,556,-2.4728,28.733,76,65.02,2025-04-06 14:42:18.122911,1
2025-04-06 14:43:57.122911,300,-30.0602,28.1814,44,3.26,2025-04-06 14:41:20.122911,0
2025-04-06 14:44:57.122911,375,-7.8281,28.2466,19,11.51,2025-04-06 14:42:47.122911,0
2025-04-06 14:45:57.122911,400,-30.1447,-12.4416,42,3.92,2025-04-06 14:43:18.122911,0
2025-04-06 14:46:57.122911,528,-12.6717,43.3656,92,29.25,2025-04-06 14:44:58.122911,1
2025-04-06 14:47:57.122911,176,9.026,45.8104,57,13.93,2025-04-06 14:47:07.122911,0
2025-04-06 14:48:57.122911,217,17.543,40.5126,35,3.55,2025-04-06 14:46:49.122911,0
2025-04-06 14:49:57.122911,121,4.3307,-2.1052,23,17.34,2025-04-06 14:49:15.122911,0
2025-04-06 14:50:57.122911,177,28.1787,17.8939,34,2.06,2025-04-06 14:48:36.122911,0
2025-04-06 14:51:57.122911,394,24.3,6.6179,81,144.61,2025-04-06 14:51:00.122911,0
2025-04-06 14:52:57.122911,215,9.2286,13.6334,51,11.47,2025-04-06 14:50:49.122911,0
2025-04-06 14:53:57.122911,614,-27.0575,49.8197,92,121.57,2025-04-06 14:51:06.122911,1
2025-04-06 14:54:57.122911,400,3.2141,32.9374,4,14.74,2025-04-06 14:53:12.122911,0
2025-04-06 14:55:57.122911,388,14.0678,-14.5428,37,1.68,2025-04-06 14:55:01.122911,0
2025-04-06 14:56:57.122911,349,-18.674,23.5979,4,10.27,2025-04-06 14:54:39.122911,0
2025-04-06 14:57:57.122911,400,-10.4847,33.1136,24,11.84,2025-04-06 14:57:09.122911,0
2025-04-06 14:58:57.122911,252,-17.5893,4.7689,53,14.1,2025-04-06 14:56:22.122911,0
2025-04-06 14:59:57.122911,269,18.7036,41.7093,57,14.82,2025-04-06 14:59:27.122911,0
2025-04-06 15:00:57.122911,299,-8.7591,1.4284,27,19.24,2025-04-06 14:59:32.122911,0
2025-04-06 15:01:57.122911,100,-31.9788,46.8357,44,19.4,2025-04-06 14:59:30.122911,0
2025-04-06 15:02:57.122911,400,3.7698,52.6977,59,1.48,2025-04-06 15:00:02.122911,0
2025-04-06 15:03:57.122911,402,-8.1059,35.2826,90,110.6,2025-04-06 15:03:16.122911,1
2025-04-06 15:04:57.122911,244,-3.104,26.5099,15,17.81,2025-04-06 15:04:20.122911,0
2025-04-06 15:05:57.122911,346,-29.5586,53.0796,59,11.67,2025-04-06 15:03:03.122911,0
2025-04-06 15:06:57.122911,485,30.8372,11.2479,83,29.91,2025-04-06 15:05:41.122911,1
2025-04-06 15:07:57.122911,496,34.1093,-8.7187,91,125.37,2025-04-06 15:06:03.122911,1
2025-04-06 15:08:57.122911,400,23.9483,42.8747,24,19.4,2025-04-06 15:06:50.122911,0
2025-04-06 15:09:57.122911,334,18.8291,50.8574,2,11.11,2025-04-06 15:08:05.122911,0
2025-04-06 15:10:57.122911,718,31.7836,25.4631,78,36.79,2025-04-06 15:08:35.122911,1
2025-04-06 15:11:57.122911,100,3.6335,22.0703,49,17.04,2025-04-06 15:10:31.122911,0
2025-04-06 15:12:57.122911,273,19.9268,27.9521,46,8.41,2025-04-06 15:11:13.122911,0
2025-04-06 15:13:57.122911,443,-7.5429,12.8106,87,96.69,2025-04-06 15:12:36.122911,1
2025-04-06 15:14:57.122911,265,-7.242,26.6565,32,15.67,2025-04-06 15:13:37.122911,0
2025-04-06 15:15:57.122911,396,-16.9229,14.4352,16,9.84,2025-04-06 15:14:54.122911,0
2025-04-06 15:16:57.122911,364,9.3381,-1.9891,1,6.58,2025-04-06 15:14:33.122911,0
2025-04-06 15:17:57.122911,100,9.8612,-6.359,10,2.78,2025-04-06 15:17:03.122911,0
2025-04-06 15:18:57.122911,400,33.1177,25.1452,2,10.3,2025-04-06 15:17:37.122911,0
2025-04-06 15:19:57.122911,368,-20.5566,7.3202,74,79.9,2025-04-06 15:18:10.122911,0
2025-04-06 15:20:57.122911,244,20.9587,27.0925,26,0.79,2025-04-06 15:19:32.122911,0
2025-04-06 15:21:57.122911,288,34.038,20.2443,48,11.95,2025-04-06 15:20:32.122911,0
2025-04-06 15:22:57.122911,277,2.1886,34.0387,25,15.2,2025-04-06 15:22:14.122911,0
2025-04-06 15:23:57.122911,386,-3.6811,19.9463,59,2.14,2025-04-06 15:23:13.122911,0
2025-04-06 15:24:57.122911,615,4.4776,43.0532,74,43.7,2025-04-06 15:23:02.122911,1
2025-04-06 15:25:57.122911,222,-10.1427,28.6617,19,9.48,2025-04-06 15:23:02.122911,0
2025-04-06 15:26:57.122911,524,17.1808,12.3745,91,96.29,2025-04-06 15:25:05.122911,1
2025-04-06 15:27:57.122911,147,-0.1227,4.7761,33,4.89,2025-04-06 15:25:27.122911,0
2025-04-06 15:28:57.122911,485,-17.783,-7.9489,90,39.87,2025-04-06 15:27:13.122911,1
2025-04-06 15:29:57.122911,317,-16.9468,-7.1834,14,16.34,2025-04-06 15:28:26.122911,0
2025-04-06 15:30:57.122911,390,-1.6366,42.8937,14,10.7,2025-04-06 15:28:15.122911,0
2025-04-06 15:31:57.122911,243,2.0888,33.0423,32,14.72,2025-04-06 15:29:06.122911,0
2025-04-06 15:32:57.122911,385,-1.3202,19.9442,99,40.07,2025-04-06 15:30:14.122911,0
2025-04-06 15:33:57.122911,492,-28.8492,-9.5881,82,108.99,2025-04-06 15:32:15.122911,1
2025-04-06 15:34:57.122911,261,7.4271,39.5717,10,9.46,2025-04-06 15:32:53.122911,0
2025-04-06 15:35:57.122911,500,5.2131,43.1372,70,116.35,2025-04-06 15:34:16.122911,1
2025-04-06 15:36:57.122911,308,-23.5441,-7.6801,36,4.03,2025-04-06 15:36:23.122911,0
2025-04-06 15:37:57.122911,365,-7.5288,41.245,24,17.54,2025-04-06 15:36:49.122911,0
2025-04-06 15:38:57.122911,170,-13.9035,36.0707,31,9.25,2025-04-06 15:36:05.122911,0
2025-04-06 15:39:57.122911,113,28.453,26.8178,1,10.87,2025-04-06 15:37:14.122911,0
2025-04-06 15:40:57.122911,399,-25.251,39.5519,50,6.7,2025-04-06 15:39:55.122911,0
2025-04-06 15:41:57.122911,396,14.4886,38.3929,37,15.05,2025-04-06 15:40:55.122911,0
2025-04-06 15:42:57.122911,543,26.3736,5.6561,71,119.12,2025-04-06 15:41:50.122911,1
2025-04-06 15:43:57.122911,100,20.8107,-8.7562,51,7.95,2025-04-06 15:42:41.122911,0
2025-04-06 15:44:57.122911,367,9.8803,32.0461,44,14.4,2025-04-06 15:43:52.122911,0
2025-04-06 15:45:57.122911,371,-19.0854,11.7698,9,6.85,2025-04-06 15:43:58.122911,0
2025-04-06 15:46:57.122911,400,-25.2619,-12.4404,11,18.24,2025-04-06 15:44:37.122911,0
2025-04-06 15:47:57.122911,581,14.5067,-8.5596,74,139.92,2025-04-06 15:45:56.122911,1
2025-04-06 15:48:57.122911,400,16.5511,50.0775,8,8.48,2025-04-06 15:48:17.122911,0
2025-04-06 15:49:57.122911,201,23.6244,4.911,45,3.73,2025-04-06 15:48:33.122911,0
2025-04-06 15:50:57.122911,579,17.0975,-4.5815,90,69.31,2025-04-06 15:49:31.122911,1
2025-04-06 15:51:57.122911,385,-1.3414,48.8841,1,9.31,2025-04-06 15:49:20.122911,0
2025-04-06 15:52:57.122911,324,-22.6529,17.3776,96,38.31,2025-04-06 15:51:00.122911,0
2025-04-06 15:53:57.122911,666,33.2879,14.4242,90,86.97,2025-04-06 15:51:00.122911,1
2025-04-06 15:54:57.122911,230,-22.0876,2.4697,27,10.7,2025-04-06 15:52:07.122911,0
2025-04-06 15:55:57.122911,163,8.7483,8.3294,31,9.36,2025-04-06 15:53:04.122911,0
2025-04-06 15:56:57.122911,108,14.9841,19.5736,17,5.88,2025-04-06 15:54:35.122911,0
2025-04-06 15:57:57.122911,702,31.2281,7.9982,77,132.03,2025-04-06 15:55:38.122911,1
2025-04-06 15:58:57.122911,100,-24.0693,33.6979,32,0.51,2025-04-06 15:56:55.122911,0
2025-04-06 15:59:57.122911,643,4.861,46.5595,91,64.11,2025-04-06 15:57:56.122911,1
2025-04-06 16:00:57.122911,266,24.8988,42.2665,93,113.89,2025-04-06 15:58:06.122911,0
2025-04-06 16:01:57.122911,515,-33.1427,-6.3923,70,47.03,2025-04-06 16:00:52.122911,1
2025-04-06 16:02:57.122911,269,22.221,5.6363,17,17.85,2025-04-06 16:00:18.122911,0
2025-04-06 16:03:57.122911,267,3.6433,12.7095,36,8.19,2025-04-06 16:01:49.122911,0
2025-04-06 16:04:57.122911,290,-27.0033,22.4332,21,15.6,2025-04-06 16:03:29.122911,0
2025-04-06 16:05:57.122911,311,16.9181,32.4134,50,10.25,2025-04-06 16:05:03.122911,0
2025-04-06 16:06:57.122911,486,-25.7407,47.5429,80,74.82,2025-04-06 16:04:50.122911,1
2025-04-06 16:07:57.122911,137,15.4142,-12.0066,24,9.95,2025-04-06 16:06:02.122911,0
2025-04-06 16:08:57.122911,561,-17.4489,27.4824,75,115.18,2025-04-06 16:07:35.122911,1
2025-04-06 16:09:57.122911,115,16.6624,-13.7901,1,3.33,2025-04-06 16:08:52.122911,0
2025-04-06 16:10:57.122911,172,-14.7914,6.6755,28,7.79,2025-04-06 16:08:35.122911,0
2025-04-06 16:11:57.122911,374,30.5781,34.9429,54,13.27,2025-04-06 16:10:55.122911,0
2025-04-06 16:12:57.122911,747,-31.4002,17.2275,88,97.36,2025-04-06 16:10:39.122911,1
2025-04-06 16:13:57.122911,337,15.9732,17.1618,8,1.5,2025-04-06 16:11:44.122911,0
2025-04-06 16:14:57.122911,195,-29.5564,-19.8245,38,1.52,2025-04-06 16:12:46.122911,0
2025-04-06 16:15:57.122911,321,13.3392,19.0976,98,122.7,2025-04-06 16:15:16.122911,0
2025-04-06 16:16:57.122911,400,9.7265,36.9277,23,15.17,2025-04-06 16:14:30.122911,0
2025-04-06 16:17:57.122911,303,34.1368,50.8045,11,4.42,2025-04-06 16:16:41.122911,0
2025-04-06 16:18:57.122911,466,3.9065,15.4908,76,149.92,2025-04-06 16:16:13.122911,1
2025-04-06 16:19:57.122911,344,17.1545,-15.8838,22,15.91,2025-04-06 16:17:02.122911,0
2025-04-06 16:20:57.122911,278,6.7389,-2.7493,38,0.74,2025-04-06 16:19:43.122911,0
2025-04-06 16:21:57.122911,322,5.0699,40.2983,54,8.09,2025-04-06 16:21:24.122911,0
2025-04-06 16:22:57.122911,252,1.4118,12.0113,24,14.76,2025-04-06 16:20:40.122911,0
2025-04-06 16:23:57.122911,308,-34.336,-16.0487,34,1.4,2025-04-06 16:22:26.122911,0
2025-04-06 16:24:57.122911,400,-15.9819,9.8716,56,11.62,2025-04-06 16:22:45.122911,0
2025-04-06 16:25:57.122911,764,-14.2584,-2.4794,93,57.34,2025-04-06 16:24:15.122911,1
2025-04-06 16:26:57.122911,586,31.9491,39.8492,93,36.18,2025-04-06 16:24:24.122911,1
2025-04-06 16:27:57.122911,398,34.2429,35.7515,10,18.07,2025-04-06 16:27:24.122911,0
2025-04-06 16:28:57.122911,575,7.5416,18.4516,98,104.45,2025-04-06 16:27:14.122911,1
2025-04-06 16:29:57.122911,439,-30.951,52.6827,93,65.52,2025-04-06 16:29:19.122911,1
2025-04-06 16:30:57.122911,249,-16.7837,18.6436,57,10.5,2025-04-06 16:29:06.122911,0
2025-04-06 16:31:57.122911,216,17.351,-17.3851,37,12.46,2025-04-06 16:30:20.122911,0
2025-04-06 16:32:57.122911,347,-7.6181,0.472,33,9.15,2025-04-06 16:31:59.122911,0
2025-04-06 16:33:57.122911,328,-15.3026,-1.0513,4,14.7,2025-04-06 16:32:50.122911,0
2025-04-06 16:34:57.122911,615,-29.3268,-3.4863,85,84.46,2025-04-06 16:34:00.122911,1
2025-04-06 16:35:57.122911,100,11.3478,20.7834,57,11.43,2025-04-06 16:34:55.122911,0
2025-04-06 16:36:57.122911,212,-17.83,-8.1995,18,17.36,2025-04-06 16:35:40.122911,0
2025-04-06 16:37:57.122911,382,13.9294,-5.8084,41,2.12,2025-04-06 16:35:15.122911,0
2025-04-06 16:38:57.122911,350,26.535,-19.6141,57,9.31,2025-04-06 16:36:41.122911,0
2025-04-06 16:39:57.122911,473,-16.8918,-5.515,83,118.36,2025-04-06 16:39:15.122911,1
2025-04-06 16:40:57.122911,284,-26.8909,8.2522,48,11.2,2025-04-06 16:39:00.122911,0
2025-04-06 16:41:57.122911,500,-11.0689,27.4466,78,145.19,2025-04-06 16:40:51.122911,1
2025-04-06 16:42:57.122911,615,-13.9326,33.1129,73,28.82,2025-04-06 16:39:58.122911,1
2025-04-06 16:43:57.122911,545,34.3104,30.7039,96,130.81,2025-04-06 16:41:23.122911,1
2025-04-06 16:44:57.122911,400,-12.3473,16.6482,28,0.44,2025-04-06 16:43:30.122911,0
2025-04-06 16:45:57.122911,555,13.5578,-3.4423,84,123.33,2025-04-06 16:43:18.122911,1
2025-04-06 16:46:57.122911,295,-15.8718,51.3148,19,13.09,2025-04-06 16:44:56.122911,0
2025-04-06 16:47:57.122911,343,-15.8049,53.7983,19,7.95,2025-04-06 16:47:27.122911,0
2025-04-06 16:48:57.122911,324,-20.0827,-17.6649,37,4.6,2025-04-06 16:48:03.122911,0
2025-04-06 16:49:57.122911,350,-22.0132,45.1467,26,19.36,2025-04-06 16:48:35.122911,0
2025-04-06 16:50:57.122911,648,-33.7497,39.7598,83,88.95,2025-04-06 16:50:04.122911,1
2025-04-06 16:51:57.122911,319,6.8829,25.548,24,0.02,2025-04-06 16:50:04.122911,0
2025-04-06 16:52:57.122911,370,-23.7422,28.864,37,4.51,2025-04-06 16:50:31.122911,0
2025-04-06 16:53:57.122911,154,-29.9287,9.437,16,0.23,2025-04-06 16:51:38.122911,0
2025-04-06 16:54:57.122911,400,13.6487,44.5092,37,5.83,2025-04-06 16:52:46.122911,0
2025-04-06 16:55:57.122911,325,34.0664,-9.3128,40,4.84,2025-04-06 16:54:08.122911,0
2025-04-06 16:56:57.122911,346,4.1754,-19.2672,27,14.05,2025-04-06 16:54:51.122911,0
2025-04-06 16:57:57.122911,212,-9.9539,4.1571,32,16.49,2025-04-06 16:55:45.122911,0
2025-04-06 16:58:57.122911,574,-32.1172,30.2789,87,126.79,2025-04-06 16:56:44.122911,1
2025-04-06 16:59:57.122911,594,2.8907,33.1795,78,26.76,2025-04-06 16:59:20.122911,1
2025-04-06 17:00:57.122911,392,-11.2385,41.1119,27,16.03,2025-04-06 17:00:21.122911,0
2025-04-06 17:01:57.122911,365,10.0504,19.4802,21,9.05,2025-04-06 16:59:42.122911,0
2025-04-06 17:02:57.122911,400,-17.7028,-8.0341,17,1.21,2025-04-06 17:01:43.122911,0
2025-04-06 17:03:57.122911,144,20.2789,29.4031,44,3.64,2025-04-06 17:02:37.122911,0
2025-04-06 17:04:57.122911,700,34.7434,53.1095,88,49.7,2025-04-06 17:02:17.122911,1
2025-04-06 17:05:57.122911,528,25.7791,34.5377,76,80.14,2025-04-06 17:05:04.122911,1
2025-04-06 17:06:57.122911,224,18.7407,17.8634,3,14.71,2025-04-06 17:05:38.122911,0
2025-04-06 17:07:57.122911,322,7.4332,24.8293,52,7.91,2025-04-06 17:07:22.122911,0
2025-04-06 17:08:57.122911,400,28.8654,-4.2003,50,11.85,2025-04-06 17:08:10.122911,0
2025-04-06 17:09:57.122911,594,-22.4222,-2.1843,73,138.17,2025-04-06 17:08:10.122911,1
2025-04-06 17:10:57.122911,377,-0.5406,-1.4577,36,17.09,2025-04-06 17:09:28.122911,0
2025-04-06 17:11:57.122911,400,-23.5533,9.3311,19,11.86,2025-04-06 17:11:00.122911,0
2025-04-06 17:12:57.122911,289,-25.8388,52.7366,70,120.55,2025-04-06 17:11:41.122911,0
2025-04-06 17:13:57.122911,343,-11.4098,42.1663,15,10.4,2025-04-06 17:13:27.122911,0
2025-04-06 17:14:57.122911,270,14.4744,-7.4719,7,12.34,2025-04-06 17:14:00.122911,0
2025-04-06 17:15:57.122911,267,25.4951,21.8605,43,8.93,2025-04-06 17:13:00.122911,0
2025-04-06 17:16:57.122911,786,30.5624,-17.0492,78,89.05,2025-04-06 17:14:29.122911,1
2025-04-06 17:17:57.122911,398,-1.4072,31.4476,79,71.66,2025-04-06 17:15:22.122911,0
2025-04-06 17:18:57.122911,246,5.6079,-0.9332,49,19.46,2025-04-06 17:17:50.122911,0
2025-04-06 17:19:57.122911,678,-28.4269,30.4452,77,146.09,2025-04-06 17:17:52.122911,1
2025-04-06 17:20:57.122911,431,23.6681,50.8461,84,110.04,2025-04-06 17:18:34.122911,1
2025-04-06 17:21:57.122911,366,30.1664,31.7145,48,0.61,2025-04-06 17:20:55.122911,0
2025-04-06 17:22:57.122911,248,-7.4295,28.8425,30,13.18,2025-04-06 17:20:58.122911,0
2025-04-06 17:23:57.122911,200,34.5336,36.4321,8,17.33,2025-04-06 17:22:11.122911,0
2025-04-06 17:24:57.122911,472,-12.1077,30.0695,71,72.54,2025-04-06 17:23:06.122911,1
2025-04-06 17:25:57.122911,263,3.1142,-19.5681,0,2.4,2025-04-06 17:23:05.122911,0
2025-04-06 17:26:57.122911,375,13.6827,9.1419,57,7.92,2025-04-06 17:25:39.122911,0
2025-04-06 17:27:57.122911,244,9.9803,36.9508,72,41.9,2025-04-06 17:27:19.122911,0
2025-04-06 17:28:57.122911,400,24.3017,48.5677,25,19.03,2025-04-06 17:28:16.122911,0
2025-04-06 17:29:57.122911,472,21.909,33.8592,80,119.43,2025-04-06 17:27:25.122911,1
2025-04-06 17:30:57.122911,181,-34.4706,28.5606,20,3.92,2025-04-06 17:28:24.122911,0
2025-04-06 17:31:57.122911,312,-10.3864,-12.3934,3,18.69,2025-04-06 17:29:23.122911,0
2025-04-06 17:32:57.122911,338,-13.4897,40.2269,52,5.7,2025-04-06 17:31:53.122911,0
2025-04-06 17:33:57.122911,217,-6.0516,-10.8585,1,5.45,2025-04-06 17:33:21.122911,0
2025-04-06 17:34:57.122911,316,-22.079,2.1459,9,16.0,2025-04-06 17:33:46.122911,0
2025-04-06 17:35:57.122911,488,1.8549,-11.5772,70,68.56,2025-04-06 17:33:07.122911,1
2025-04-06 17:36:57.122911,379,6.5477,39.5308,53,10.3,2025-04-06 17:36:13.122911,0
2025-04-06 17:37:57.122911,159,3.9646,-0.8266,7,15.4,2025-04-06 17:36:20.122911,0
2025-04-06 17:38:57.122911,642,11.7285,-12.8349,73,75.09,2025-04-06 17:37:19.122911,1
2025-04-06 17:39:57.122911,352,-22.5088,3.4204,54,10.71,2025-04-06 17:39:17.122911,0
2025-04-06 17:40:57.122911,453,-0.2263,54.0839,82,97.28,2025-04-06 17:39:53.122911,1
2025-04-06 17:41:57.122911,400,-33.8925,5.5818,38,14.49,2025-04-06 17:40:42.122911,0
2025-04-06 17:42:57.122911,643,19.0836,-0.1328,79,137.72,2025-04-06 17:40:51.122911,1
2025-04-06 17:43:57.122911,136,-30.1403,18.9295,5,7.1,2025-04-06 17:41:18.122911,0
2025-04-06 17:44:57.122911,400,2.8008,46.0059,43,4.67,2025-04-06 17:43:38.122911,0
2025-04-06 17:45:57.122911,190,34.5898,29.6379,21,13.39,2025-04-06 17:44:53.122911,0
2025-04-06 17:46:57.122911,373,5.6333,-13.3424,29,6.67,2025-04-06 17:45:11.122911,0
2025-04-06 17:47:57.122911,686,22.5265,-19.9072,99,74.95,2025-04-06 17:45:04.122911,1
2025-04-06 17:48:57.122911,369,-8.2232,-11.0128,19,9.5,2025-04-06 17:46:33.122911,0
2025-04-06 17:49:57.122911,307,-17.0067,39.0926,20,1.86,2025-04-06 17:48:56.122911,0
2025-04-06 17:50:57.122911,543,14.6121,-17.288,81,121.66,2025-04-06 17:48:34.122911,1
2025-04-06 17:51:57.122911,184,-13.6133,9.7736,56,11.08,2025-04-06 17:50:33.122911,0
2025-04-06 17:52:57.122911,445,4.6603,9.3282,80,94.7,2025-04-06 17:52:16.122911,1
2025-04-06 17:53:57.122911,256,-25.1105,-4.1013,29,14.43,2025-04-06 17:53:14.122911,0
2025-04-06 17:54:57.122911,714,13.6466,5.9575,72,42.56,2025-04-06 17:54:08.122911,1
2025-04-06 17:55:57.122911,371,7.446,-9.5601,53,6.27,2025-04-06 17:54:08.122911,0
2025-04-06 17:56:57.122911,312,-7.0936,-9.022,51,10.05,2025-04-06 17:54:31.122911,0
2025-04-06 17:57:57.122911,293,3.4671,52.4367,14,19.26,2025-04-06 17:55:52.122911,0
2025-04-06 17:58:57.122911,194,-4.2342,-12.0751,30,10.12,2025-04-06 17:56:14.122911,0
2025-04-06 17:59:57.122911,134,-2.814,-15.6377,4,15.62,2025-04-06 17:59:17.122911,0
2025-04-06 18:00:57.122911,400,33.8575,-2.0615,30,13.9,2025-04-06 17:58:49.122911,0
2025-04-06 18:01:57.122911,223,34.7688,41.0478,32,10.19,2025-04-06 17:59:45.122911,0
2025-04-06 18:02:57.122911,444,-5.1742,-10.1967,73,88.52,2025-04-06 18:00:32.122911,1
2025-04-06 18:03:57.122911,400,22.9277,35.0211,26,8.28,2025-04-06 18:02:02.122911,0
2025-04-06 18:04:57.122911,194,-1.3059,-18.5606,54,8.32,2025-04-06 18:03:09.122911,0
2025-04-06 18:05:57.122911,756,23.4012,27.1974,70,62.06,2025-04-06 18:04:06.122911,1
2025-04-06 18:06:57.122911,667,-28.1342,16.6181,90,129.77,2025-04-06 18:05:54.122911,1
2025-04-06 18:07:57.122911,400,25.1696,9.4295,40,12.28,2025-04-06 18:06:46.122911,0
2025-04-06 18:08:57.122911,213,11.1085,50.7123,40,2.04,2025-04-06 18:06:18.122911,0
2025-04-06 18:09:57.122911,140,19.6819,41.8849,57,5.06,2025-04-06 18:08:54.122911,0
2025-04-06 18:10:57.122911,259,7.9754,-15.0011,21,12.73,2025-04-06 18:09:00.122911,0
2025-04-06 18:11:57.122911,532,21.1491,-12.0974,80,105.67,2025-04-06 18:11:11.122911,1
2025-04-06 18:12:57.122911,325,-2.6637,54.3691,20,7.75,2025-04-06 18:10:05.122911,0
2025-04-06 18:13:57.122911,192,-16.4468,-18.4291,53,15.29,2025-04-06 18:11:36.122911,0
2025-04-06 18:14:57.122911,122,-19.051,53.1993,30,15.65,2025-04-06 18:13:39.122911,0
2025-04-06 18:15:57.122911,484,32.7942,39.9036,92,25.45,2025-04-06 18:13:08.122911,1
2025-04-06 18:16:57.122911,211,5.7696,36.1055,1,12.04,2025-04-06 18:15:56.122911,0
2025-04-06 18:17:57.122911,358,-28.3492,8.1995,77,97.81,2025-04-06 18:16:10.122911,0
2025-04-06 18:18:57.122911,336,-15.8346,49.6238,24,3.27,2025-04-06 18:17:56.122911,0
2025-04-06 18:19:57.122911,267,25.2959,43.4886,57,16.32,2025-04-06 18:19:10.122911,0
2025-04-06 18:20:57.122911,299,17.3734,21.836,20,19.57,2025-04-06 18:19:02.122911,0
2025-04-06 18:21:57.122911,217,-25.779,34.4485,12,3.3,2025-04-06 18:21:01.122911,0
2025-04-06 18:22:57.122911,390,23.8492,34.9601,14,10.12,2025-04-06 18:20:51.122911,0
2025-04-06 18:23:57.122911,110,5.4021,45.7854,28,1.88,2025-04-06 18:21:37.122911,0
2025-04-06 18:24:57.122911,600,15.8523,54.3857,77,52.07,2025-04-06 18:22:44.122911,1
2025-04-06 18:25:57.122911,324,16.315,26.1989,24,11.1,2025-04-06 18:24:22.122911,0
2025-04-06 18:26:57.122911,280,1.6911,43.6036,12,10.77,2025-04-06 18:25:30.122911,0
2025-04-06 18:27:57.122911,374,-26.27,8.9032,93,85.27,2025-04-06 18:25:16.122911,0
2025-04-06 18:28:57.122911,189,-25.3524,29.7282,23,4.34,2025-04-06 18:27:34.122911,0
2025-04-06 18:29:57.122911,147,26.1984,18.2582,19,8.05,2025-04-06 18:29:25.122911,0
2025-04-06 18:30:57.122911,655,4.2462,25.2616,95,92.99,2025-04-06 18:29:06.122911,1
2025-04-06 18:31:57.122911,269,13.6791,35.9444,45,2.98,2025-04-06 18:30:30.122911,0
2025-04-06 18:32:57.122911,306,1.4208,8.0097,30,16.5,2025-04-06 18:30:54.122911,0
2025-04-06 18:33:57.122911,493,16.4964,54.8761,86,97.77,2025-04-06 18:31:30.122911,1
2025-04-06 18:34:57.122911,113,-0.2684,-6.6311,16,12.75,2025-04-06 18:32:05.122911,0
2025-04-06 18:35:57.122911,400,-20.7945,22.4162,8,19.01,2025-04-06 18:33:10.122911,0
2025-04-06 18:36:57.122911,269,6.0067,23.9859,12,14.01,2025-04-06 18:35:07.122911,0
2025-04-06 18:37:57.122911,241,-2.9269,16.2227,19,16.05,2025-04-06 18:36:18.122911,0
2025-04-06 18:38:57.122911,169,28.6573,38.516,38,18.08,2025-04-06 18:36:48.122911,0
2025-04-06 18:39:57.122911,239,29.5836,15.4045,59,7.98,2025-04-06 18:37:40.122911,0
2025-04-06 18:40:57.122911,581,-15.7071,39.0345,97,55.84,2025-04-06 18:38:10.122911,1
2025-04-06 18:41:57.122911,391,-24.0533,43.9817,12,5.36,2025-04-06 18:39:41.122911,0
2025-04-06 18:42:57.122911,475,-12.9367,37.8893,94,64.97,2025-04-06 18:41:18.122911,1
2025-04-06 18:43:57.122911,324,22.9508,39.0785,6,7.87,2025-04-06 18:41:06.122911,0
2025-04-06 18:44:57.122911,308,-24.8524,34.3867,57,19.59,2025-04-06 18:43:39.122911,0
2025-04-06 18:45:57.122911,346,-33.4575,34.0006,56,3.66,2025-04-06 18:43:21.122911,0
2025-04-06 18:46:57.122911,516,1.6374,-11.3923,91,92.96,2025-04-06 18:44:50.122911,1
2025-04-06 18:47:57.122911,400,-29.2792,14.3725,48,10.87,2025-04-06 18:46:23.122911,0
2025-04-06 18:48:57.122911,100,24.4983,30.1767,4,18.91,2025-04-06 18:46:50.122911,0
2025-04-06 18:49:57.122911,287,0.8752,40.4803,11,1.25,2025-04-06 18:47:10.122911,0
2025-04-06 18:50:57.122911,400,-20.9045,-0.6034,50,15.73,2025-04-06 18:50:08.122911,0
2025-04-06 18:51:57.122911,400,26.4481,45.9686,14,4.1,2025-04-06 18:49:56.122911,0
2025-04-06 18:52:57.122911,601,17.5511,21.8486,78,92.82,2025-04-06 18:51:22.122911,1
2025-04-06 18:53:57.122911,293,20.8841,7.895,32,7.81,2025-04-06 18:53:05.122911,0
2025-04-06 18:54:57.122911,226,-4.1249,-5.3293,49,1.87,2025-04-06 18:54:16.122911,0
2025-04-06 18:55:57.122911,116,-13.1356,28.2006,35,5.53,2025-04-06 18:53:05.122911,0
2025-04-06 18:56:57.122911,320,-3.6678,21.8365,39,10.4,2025-04-06 18:54:18.122911,0
2025-04-06 18:57:57.122911,383,0.4936,24.8584,49,3.38,2025-04-06 18:57:20.122911,0
2025-04-06 18:58:57.122911,257,-13.0787,39.8945,59,16.41,2025-04-06 18:56:38.122911,0
2025-04-06 18:59:57.122911,302,11.7544,27.6003,44,19.68,2025-04-06 18:59:24.122911,0
2025-04-06 19:00:57.122911,400,-23.6437,-19.0544,57,8.55,2025-04-06 19:00:03.122911,0
2025-04-06 19:01:57.122911,249,25.0724,41.4298,34,3.75,2025-04-06 18:59:14.122911,0
2025-04-06 19:02:57.122911,355,28.0907,28.8751,43,19.76,2025-04-06 19:00:17.122911,0
2025-04-06 19:03:57.122911,489,-21.6118,26.0333,78,116.16,2025-04-06 19:03:05.122911,1
2025-04-06 19:04:57.122911,400,21.4337,43.2803,21,14.76,2025-04-06 19:02:57.122911,0
2025-04-06 19:05:57.122911,209,-34.7328,31.1252,1,6.3,2025-04-06 19:03:00.122911,0
2025-04-06 19:06:57.122911,568,0.8858,2.8983,72,110.24,2025-04-06 19:06:07.122911,1
2025-04-06 19:07:57.122911,351,-30.8634,47.4136,38,16.15,2025-04-06 19:05:33.122911,0
2025-04-06 19:08:57.122911,317,-23.1643,9.232,58,0.0,2025-04-06 19:07:42.122911,0
2025-04-06 19:09:57.122911,400,21.1648,15.9303,34,8.26,2025-04-06 19:07:35.122911,0
2025-04-06 19:10:57.122911,524,-15.3974,44.3756,83,139.35,2025-04-06 19:09:05.122911,1
2025-04-06 19:11:57.122911,384,-13.6674,42.2046,13,14.53,2025-04-06 19:11:09.122911,0
2025-04-06 19:12:57.122911,349,-26.5827,-14.8744,13,4.37,2025-04-06 19:11:58.122911,0
2025-04-06 19:13:57.122911,599,-19.1554,34.7685,80,29.65,2025-04-06 19:12:47.122911,1
2025-04-06 19:14:57.122911,458,11.7463,24.4916,97,130.79,2025-04-06 19:12:28.122911,1
2025-04-06 19:15:57.122911,557,24.8987,19.1084,80,149.41,2025-04-06 19:14:19.122911,1
2025-04-06 19:16:57.122911,485,16.6296,19.393,72,83.49,2025-04-06 19:14:11.122911,1
2025-04-06 19:17:57.122911,397,13.6115,-13.8345,0,0.5,2025-04-06 19:16:12.122911,0
2025-04-06 19:18:57.122911,350,27.4766,13.2535,14,12.04,2025-04-06 19:18:07.122911,0
2025-04-06 19:19:57.122911,400,-25.7815,-2.4362,3,13.53,2025-04-06 19:18:12.122911,0
2025-04-06 19:20:57.122911,400,-15.9902,15.4673,21,5.25,2025-04-06 19:18:43.122911,0
2025-04-06 19:21:57.122911,823,-31.8046,-9.4982,98,81.42,2025-04-06 19:19:24.122911,1
2025-04-06 19:22:57.122911,310,-1.2571,-5.2927,56,6.63,2025-04-06 19:21:53.122911,0
2025-04-06 19:23:57.122911,171,-31.5352,42.4988,37,17.08,2025-04-06 19:21:00.122911,0
2025-04-06 19:24:57.122911,275,5.0434,18.4501,76,124.34,2025-04-06 19:22:41.122911,0
2025-04-06 19:25:57.122911,241,0.5188,45.5667,20,6.9,2025-04-06 19:23:07.122911,0
2025-04-06 19:26:57.122911,385,-25.7958,0.6049,45,19.86,2025-04-06 19:26:27.122911,0
2025-04-06 19:27:57.122911,400,12.2225,2.2546,52,5.16,2025-04-06 19:25:58.122911,0
2025-04-06 19:28:57.122911,229,25.4016,-19.8422,57,14.43,2025-04-06 19:27:04.122911,0
2025-04-06 19:29:57.122911,229,-26.5282,11.4211,35,7.38,2025-04-06 19:28:04.122911,0
2025-04-06 19:30:57.122911,334,-10.166,50.6294,11,1.6,2025-04-06 19:29:59.122911,0
2025-04-06 19:31:57.122911,190,-25.279,-11.3197,9,10.04,2025-04-06 19:30:49.122911,0
2025-04-06 19:32:57.122911,400,16.8687,19.7494,19,12.76,2025-04-06 19:30:17.122911,0
2025-04-06 19:33:57.122911,346,-29.0925,9.9527,72,78.35,2025-04-06 19:31:47.122911,0
2025-04-06 19:34:57.122911,508,10.6604,43.4203,94,114.79,2025-04-06 19:32:41.122911,1
2025-04-06 19:35:57.122911,755,20.8866,41.6817,99,78.03,2025-04-06 19:34:09.122911,1
2025-04-06 19:36:57.122911,225,5.7539,7.8379,22,6.38,2025-04-06 19:35:31.122911,0
2025-04-06 19:37:57.122911,292,-4.8629,-9.3054,33,3.34,2025-04-06 19:36:32.122911,0
2025-04-06 19:38:57.122911,265,-33.2187,28.4367,46,3.09,2025-04-06 19:36:22.122911,0
2025-04-06 19:39:57.122911,213,-19.7475,54.1027,7,7.29,2025-04-06 19:38:23.122911,0
2025-04-06 19:40:57.122911,582,-19.0059,53.3089,82,146.36,2025-04-06 19:39:21.122911,1
2025-04-06 19:41:57.122911,545,-33.3654,36.716,96,40.8,2025-04-06 19:39:05.122911,1
2025-04-06 19:42:57.122911,340,-26.8703,51.6939,41,18.0,2025-04-06 19:40:47.122911,0
2025-04-06 19:43:57.122911,100,-14.8116,52.0852,8,19.68,2025-04-06 19:41:03.122911,0
2025-04-06 19:44:57.122911,177,33.6076,15.8409,47,15.47,2025-04-06 19:42:07.122911,0
2025-04-06 19:45:57.122911,400,22.877,33.176,50,7.12,2025-04-06 19:44:03.122911,0
2025-04-06 19:46:57.122911,325,23.1482,20.8621,43,4.7,2025-04-06 19:44:19.122911,0
2025-04-06 19:47:57.122911,192,-20.4884,38.6791,46,16.34,2025-04-06 19:45:49.122911,0
2025-04-06 19:48:57.122911,323,20.4765,14.6084,39,6.52,2025-04-06 19:47:03.122911,0
2025-04-06 19:49:57.122911,308,32.482,48.2091,53,4.55,2025-04-06 19:49:17.122911,0
2025-04-06 19:50:57.122911,291,-25.8543,39.2882,46,17.4,2025-04-06 19:50:23.122911,0
2025-04-06 19:51:57.122911,233,31.4379,18.4677,11,19.39,2025-04-06 19:49:40.122911,0
2025-04-06 19:52:57.122911,387,-13.8287,16.8564,31,9.84,2025-04-06 19:51:13.122911,0
2025-04-06 19:53:57.122911,363,-9.6412,34.4287,10,18.37,2025-04-06 19:52:06.122911,0
2025-04-06 19:54:57.122911,227,5.147,51.7035,46,15.29,2025-04-06 19:53:40.122911,0
2025-04-06 19:55:57.122911,197,0.7303,26.9944,2,8.97,2025-04-06 19:54:57.122911,0
2025-04-06 19:56:57.122911,220,13.1405,34.203,49,9.54,2025-04-06 19:55:34.122911,0
2025-04-06 19:57:57.122911,400,-15.4868,-4.1971,11,16.09,2025-04-06 19:56:31.122911,0
2025-04-06 19:58:57.122911,346,12.3775,42.1352,34,19.96,2025-04-06 19:57:17.122911,0
2025-04-06 19:59:57.122911,710,22.5349,40.6887,77,141.82,2025-04-06 19:59:27.122911,1
2025-04-06 20:00:57.122911,156,-7.063,34.2362,1,2.09,2025-04-06 19:58:20.122911,0
2025-04-06 20:01:57.122911,347,-29.9378,51.6336,12,18.95,2025-04-06 19:59:25.122911,0
2025-04-06 20:02:57.122911,114,0.0437,39.5887,1,1.54,2025-04-06 20:00:04.122911,0
2025-04-06 20:03:57.122911,183,-18.7331,1.0753,55,5.91,2025-04-06 20:01:12.122911,0
2025-04-06 20:04:57.122911,561,-33.4581,23.7443,99,54.6,2025-04-06 20:03:49.122911,1
2025-04-06 20:05:57.122911,363,-5.8715,36.9709,20,4.29,2025-04-06 20:04:57.122911,0
2025-04-06 20:06:57.122911,176,-3.2237,41.6074,22,17.34,2025-04-06 20:05:34.122911,0
2025-04-06 20:07:57.122911,579,-14.7021,22.2467,89,59.42,2025-04-06 20:07:24.122911,1
2025-04-06 20:08:57.122911,407,-23.8963,46.1494,87,72.19,2025-04-06 20:06:50.122911,1
2025-04-06 20:09:57.122911,203,0.779,-16.4861,56,0.0,2025-04-06 20:07:52.122911,0
2025-04-06 20:10:57.122911,393,23.7537,-19.7135,16,1.25,2025-04-06 20:09:19.122911,0
2025-04-06 20:11:57.122911,318,27.4311,12.5363,3,15.78,2025-04-06 20:09:36.122911,0
2025-04-06 20:12:57.122911,194,13.0913,17.0361,50,1.79,2025-04-06 20:11:28.122911,0
2025-04-06 20:13:57.122911,614,11.647,52.4536,90,112.7,2025-04-06 20:11:40.122911,1
2025-04-06 20:14:57.122911,566,-1.7215,27.5755,99,54.97,2025-04-06 20:13:51.122911,1
2025-04-06 20:15:57.122911,286,-1.6823,-11.6767,27,17.32,2025-04-06 20:13:43.122911,0
2025-04-06 20:16:57.122911,416,-5.8942,33.974,87,91.77,2025-04-06 20:14:11.122911,1
2025-04-06 20:17:57.122911,262,17.7816,-17.3046,32,15.92,2025-04-06 20:15:11.122911,0
2025-04-06 20:18:57.122911,666,-12.9061,28.3624,73,116.02,2025-04-06 20:15:59.122911,1
2025-04-06 20:19:57.122911,265,-9.255,-15.6431,20,5.75,2025-04-06 20:17:30.122911,0
2025-04-06 20:20:57.122911,400,23.4836,-18.898,52,5.35,2025-04-06 20:18:46.122911,0
2025-04-06 20:21:57.122911,277,28.4246,0.0006,46,6.6,2025-04-06 20:20:59.122911,0
2025-04-06 20:22:57.122911,200,-7.1647,37.1732,35,0.83,2025-04-06 20:20:29.122911,0
2025-04-06 20:23:57.122911,371,5.2749,-14.2711,57,17.14,2025-04-06 20:21:14.122911,0
2025-04-06 20:24:57.122911,371,19.1199,18.847,31,5.87,2025-04-06 20:23:31.122911,0
2025-04-06 20:25:57.122911,398,3.2874,42.2322,46,13.51,2025-04-06 20:24:43.122911,0
2025-04-06 20:26:57.122911,164,14.7095,50.3034,3,17.99,2025-04-06 20:25:09.122911,0
2025-04-06 20:27:57.122911,317,19.9633,54.3496,39,18.85,2025-04-06 20:26:13.122911,0
2025-04-06 20:28:57.122911,255,-20.6513,34.422,27,15.54,2025-04-06 20:26:42.122911,0
2025-04-06 20:29:57.122911,186,-7.8284,30.5598,7,12.72,2025-04-06 20:28:23.122911,0
2025-04-06 20:30:57.122911,206,15.7487,20.411,51,6.75,2025-04-06 20:30:02.122911,0
2025-04-06 20:31:57.122911,380,32.3617,26.5681,98,143.38,2025-04-06 20:30:26.122911,0
2025-04-06 20:32:57.122911,400,-22.3784,14.3948,17,10.94,2025-04-06 20:32:25.122911,0
2025-04-06 20:33:57.122911,536,34.6487,19.5424,70,37.81,2025-04-06 20:31:53.122911,1
2025-04-06 20:34:57.122911,395,31.6001,54.6114,78,45.6,2025-04-06 20:33:24.122911,0
2025-04-06 20:35:57.122911,553,-22.6733,-3.9532,94,139.52,2025-04-06 20:33:14.122911,1
2025-04-06 20:36:57.122911,626,31.0591,52.0102,98,138.03,2025-04-06 20:35:08.122911,1
2025-04-06 20:37:57.122911,291,-2.9236,38.6012,46,4.64,2025-04-06 20:36:04.122911,0
2025-04-06 20:38:57.122911,175,7.2145,42.6556,21,17.1,2025-04-06 20:37:52.122911,0
2025-04-06 20:39:57.122911,614,21.5793,-0.9634,71,86.91,2025-04-06 20:37:27.122911,1
2025-04-06 20:40:57.122911,279,-26.7048,1.6664,43,13.25,2025-04-06 20:39:54.122911,0
2025-04-06 20:41:57.122911,235,-30.9608,13.3274,52,0.65,2025-04-06 20:39:58.122911,0
2025-04-06 20:42:57.122911,400,-7.9574,23.0381,17,19.85,2025-04-06 20:41:06.122911,0
2025-04-06 20:43:57.122911,436,0.4171,-3.436,89,33.23,2025-04-06 20:41:43.122911,1
2025-04-06 20:44:57.122911,667,-15.2265,51.2844,91,132.68,2025-04-06 20:42:09.122911,1
2025-04-06 20:45:57.122911,106,-10.2865,47.0571,50,5.65,2025-04-06 20:44:17.122911,0
2025-04-06 20:46:57.122911,400,19.6256,15.7252,4,8.39,2025-04-06 20:44:05.122911,0
2025-04-06 20:47:57.122911,419,-32.7033,27.7032,88,97.19,2025-04-06 20:46:20.122911,1
2025-04-06 20:48:57.122911,599,22.8723,-16.4269,72,32.36,2025-04-06 20:48:04.122911,1
2025-04-06 20:49:57.122911,400,-15.2269,11.8921,48,10.78,2025-04-06 20:48:19.122911,0
2025-04-06 20:50:57.122911,251,-34.9992,11.2424,52,15.31,2025-04-06 20:49:34.122911,0
2025-04-06 20:51:57.122911,688,-4.3763,46.2051,75,21.31,2025-04-06 20:50:02.122911,1
2025-04-06 20:52:57.122911,215,16.2207,28.0477,27,6.2,2025-04-06 20:50:07.122911,0
2025-04-06 20:53:57.122911,127,-15.9993,-10.5983,24,5.06,2025-04-06 20:51:25.122911,0
2025-04-06 20:54:57.122911,232,17.7974,9.4896,35,19.7,2025-04-06 20:51:59.122911,0
2025-04-06 20:55:57.122911,264,-23.2875,38.5474,41,14.19,2025-04-06 20:55:19.122911,0
2025-04-06 20:56:57.122911,355,7.1088,2.242,91,54.49,2025-04-06 20:54:25.122911,0
2025-04-06 20:57:57.122911,261,33.0694,13.661,24,3.44,2025-04-06 20:55:44.122911,0
2025-04-06 20:58:57.122911,597,13.6217,34.6736,75,139.73,2025-04-06 20:56:22.122911,1
2025-04-06 20:59:57.122911,501,11.5602,-8.2005,82,47.74,2025-04-06 20:58:07.122911,1
2025-04-06 21:00:57.122911,293,-4.5273,21.1982,11,13.42,2025-04-06 20:59:07.122911,0
2025-04-06 21:01:57.122911,190,-33.2365,42.9248,3,7.69,2025-04-06 21:00:10.122911,0
2025-04-06 21:02:57.122911,261,-28.174,21.9235,13,16.87,2025-04-06 21:01:05.122911,0
2025-04-06 21:03:57.122911,330,15.2918,44.698,52,10.1,2025-04-06 21:03:15.122911,0
2025-04-06 21:04:57.122911,400,-19.1291,45.9506,34,19.05,2025-04-06 21:02:59.122911,0
2025-04-06 21:05:57.122911,521,20.7677,-1.2149,91,107.45,2025-04-06 21:03:29.122911,1
2025-04-06 21:06:57.122911,213,8.9595,-1.4367,15,19.64,2025-04-06 21:05:16.122911,0
2025-04-06 21:07:57.122911,530,8.4905,5.0537,74,65.88,2025-04-06 21:06:31.122911,1
2025-04-06 21:08:57.122911,236,19.8632,1.4319,4,1.37,2025-04-06 21:06:36.122911,0
2025-04-06 21:09:57.122911,619,9.9214,30.3609,76,142.78,2025-04-06 21:08:09.122911,1
2025-04-06 21:10:57.122911,479,34.3253,4.394,91,98.14,2025-04-06 21:09:25.122911,1
2025-04-06 21:11:57.122911,500,-27.0688,10.2701,71,146.19,2025-04-06 21:10:06.122911,1
2025-04-06 21:12:57.122911,295,1.3793,-14.4468,40,4.09,2025-04-06 21:10:17.122911,0
2025-04-06 21:13:57.122911,564,32.7976,25.2728,93,105.38,2025-04-06 21:12:49.122911,1
2025-04-06 21:14:57.122911,324,13.7058,14.3517,96,75.95,2025-04-06 21:12:37.122911,0
2025-04-06 21:15:57.122911,400,12.3218,32.9972,5,5.02,2025-04-06 21:14:40.122911,0
2025-04-06 21:16:57.122911,377,6.8368,44.9572,58,5.42,2025-04-06 21:15:23.122911,0
2025-04-06 21:17:57.122911,286,26.8096,-4.8026,58,14.73,2025-04-06 21:17:06.122911,0
2025-04-06 21:18:57.122911,199,-6.4294,-18.8454,29,13.6,2025-04-06 21:17:20.122911,0
2025-04-06 21:19:57.122911,306,23.7861,-5.8595,9,7.98,2025-04-06 21:18:56.122911,0
2025-04-06 21:20:57.122911,666,-4.6492,-13.0531,79,21.08,2025-04-06 21:19:03.122911,1
2025-04-06 21:21:57.122911,528,-34.3662,24.209,96,114.05,2025-04-06 21:21:11.122911,1
2025-04-06 21:22:57.122911,382,14.9837,-13.1456,40,4.84,2025-04-06 21:20:35.122911,0
2025-04-06 21:23:57.122911,426,31.6043,42.8869,85,30.55,2025-04-06 21:22:50.122911,1
2025-04-06 21:24:57.122911,112,3.0978,-4.9788,35,18.65,2025-04-06 21:22:46.122911,0
2025-04-06 21:25:57.122911,386,-5.0753,-4.5337,50,15.41,2025-04-06 21:23:41.122911,0
2025-04-06 21:26:57.122911,388,29.068,44.4868,48,17.3,2025-04-06 21:25:06.122911,0
2025-04-06 21:27:57.122911,276,23.355,17.4574,42,12.76,2025-04-06 21:25:34.122911,0
2025-04-06 21:28:57.122911,400,-5.6427,17.506,36,15.68,2025-04-06 21:26:09.122911,0
2025-04-06 21:29:57.122911,170,-0.6233,49.5333,6,1.12,2025-04-06 21:27:19.122911,0
2025-04-06 21:30:57.122911,342,-6.3856,49.302,13,0.23,2025-04-06 21:29:03.122911,0
2025-04-06 21:31:57.122911,354,-3.7659,40.4383,44,16.53,2025-04-06 21:29:19.122911,0
2025-04-06 21:32:57.122911,196,3.7366,-0.8838,59,8.87,2025-04-06 21:31:27.122911,0
2025-04-06 21:33:57.122911,400,21.6527,38.9768,54,4.32,2025-04-06 21:31:38.122911,0
2025-04-06 21:34:57.122911,253,-18.7751,3.8957,41,5.43,2025-04-06 21:33:27.122911,0
2025-04-06 21:35:57.122911,400,20.614,46.3282,21,10.43,2025-04-06 21:34:12.122911,0
2025-04-06 21:36:57.122911,100,-34.0724,2.1957,2,8.29,2025-04-06 21:35:01.122911,0
2025-04-06 21:37:57.122911,549,25.4081,19.8917,86,116.28,2025-04-06 21:35:40.122911,1
2025-04-06 21:38:57.122911,208,-10.8339,11.0651,21,10.83,2025-04-06 21:36:26.122911,0
2025-04-06 21:39:57.122911,399,-30.9587,9.3275,80,51.9,2025-04-06 21:37:01.122911,0
2025-04-06 21:40:57.122911,271,34.0373,11.1052,27,11.44,2025-04-06 21:39:55.122911,0
2025-04-06 21:41:57.122911,400,-20.7433,4.5664,46,15.07,2025-04-06 21:39:07.122911,0
2025-04-06 21:42:57.122911,100,31.158,32.247,33,0.44,2025-04-06 21:41:24.122911,0
2025-04-06 21:43:57.122911,289,-7.5698,47.1756,16,4.13,2025-04-06 21:43:21.122911,0
2025-04-06 21:44:57.122911,372,-33.7313,39.4569,38,8.39,2025-04-06 21:44:03.122911,0
2025-04-06 21:45:57.122911,209,-17.2709,-19.2516,42,13.77,2025-04-06 21:44:15.122911,0
2025-04-06 21:46:57.122911,400,26.1919,-4.7423,0,9.3,2025-04-06 21:44:40.122911,0
2025-04-06 21:47:57.122911,400,-6.6802,16.3258,18,16.41,2025-04-06 21:45:09.122911,0
2025-04-06 21:48:57.122911,416,28.1242,-4.7395,94,124.46,2025-04-06 21:46:12.122911,1
2025-04-06 21:49:57.122911,272,3.191,53.6281,35,16.96,2025-04-06 21:48:06.122911,0
2025-04-06 21:50:57.122911,394,-18.7916,50.6909,44,19.78,2025-04-06 21:49:21.122911,0
2025-04-06 21:51:57.122911,236,-8.7864,7.7111,58,14.13,2025-04-06 21:50:13.122911,0
2025-04-06 21:52:57.122911,181,-8.4541,42.3526,42,18.59,2025-04-06 21:51:39.122911,0
2025-04-06 21:53:57.122911,641,-5.175,21.1024,94,95.53,2025-04-06 21:51:36.122911,1
2025-04-06 21:54:57.122911,161,18.0951,-18.9029,38,13.55,2025-04-06 21:53:44.122911,0
2025-04-06 21:55:57.122911,510,-16.9238,25.4059,98,40.63,2025-04-06 21:55:07.122911,1
2025-04-06 21:56:57.122911,352,2.9152,36.87,35,17.05,2025-04-06 21:55:12.122911,0
2025-04-06 21:57:57.122911,637,-18.095,-3.8816,77,60.8,2025-04-06 21:55:54.122911,1
2025-04-06 21:58:57.122911,278,-21.8456,-14.2271,9,10.14,2025-04-06 21:58:26.122911,0
2025-04-06 21:59:57.122911,283,3.454,19.9939,31,8.62,2025-04-06 21:58:27.122911,0
2025-04-06 22:00:57.122911,191,-2.582,0.8843,44,16.52,2025-04-06 21:58:48.122911,0
2025-04-06 22:01:57.122911,361,-28.8131,32.4212,54,3.75,2025-04-06 22:01:00.122911,0
2025-04-06 22:02:57.122911,564,26.543,-1.7452,91,24.38,2025-04-06 22:02:23.122911,1
2025-04-06 22:03:57.122911,398,27.1683,4.3968,24,17.96,2025-04-06 22:01:44.122911,0
2025-04-06 22:04:57.122911,335,-17.5694,23.2527,17,16.9,2025-04-06 22:03:50.122911,0
2025-04-06 22:05:57.122911,400,-2.3922,22.8372,9,0.11,2025-04-06 22:03:04.122911,0
2025-04-06 22:06:57.122911,218,27.4198,43.6884,48,19.22,2025-04-06 22:05:40.122911,0
2025-04-06 22:07:57.122911,444,25.5103,24.0202,72,101.2,2025-04-06 22:07:03.122911,1
2025-04-06 22:08:57.122911,589,14.5178,9.1923,88,77.5,2025-04-06 22:08:08.122911,1
2025-04-06 22:09:57.122911,400,1.9374,-4.1273,33,6.84,2025-04-06 22:08:37.122911,0
2025-04-06 22:10:57.122911,319,21.309,33.6325,49,12.99,2025-04-06 22:10:14.122911,0
2025-04-06 22:11:57.122911,293,-27.2956,49.3785,54,17.27,2025-04-06 22:09:15.122911,0
2025-04-06 22:12:57.122911,442,-15.7298,-8.2845,94,104.32,2025-04-06 22:11:24.122911,1
2025-04-06 22:13:57.122911,563,-3.2962,51.1558,91,95.36,2025-04-06 22:11:00.122911,1
2025-04-06 22:14:57.122911,400,13.9748,42.8616,32,12.19,2025-04-06 22:12:30.122911,0
2025-04-06 22:15:57.122911,358,-24.2416,22.9455,25,8.04,2025-04-06 22:14:22.122911,0
2025-04-06 22:16:57.122911,326,-28.3564,24.5562,25,14.81,2025-04-06 22:14:00.122911,0
2025-04-06 22:17:57.122911,569,26.804,29.4284,89,134.53,2025-04-06 22:17:21.122911,1
2025-04-06 22:18:57.122911,254,-21.2342,35.307,58,17.72,2025-04-06 22:17:00.122911,0
2025-04-06 22:19:57.122911,239,-2.4493,43.5541,30,19.47,2025-04-06 22:17:38.122911,0
2025-04-06 22:20:57.122911,236,-7.2827,30.1981,38,8.71,2025-04-06 22:19:46.122911,0
2025-04-06 22:21:57.122911,416,-16.2006,-12.4266,96,80.98,2025-04-06 22:20:36.122911,1
2025-04-06 22:22:57.122911,282,18.1505,52.5821,19,19.46,2025-04-06 22:21:48.122911,0
2025-04-06 22:23:57.122911,559,-9.4083,6.5273,97,127.46,2025-04-06 22:23:15.122911,1
2025-04-06 22:24:57.122911,428,-24.7155,5.6984,95,125.17,2025-04-06 22:22:21.122911,1
2025-04-06 22:25:57.122911,544,-13.1817,-19.7644,77,59.47,2025-04-06 22:24:28.122911,1
2025-04-06 22:26:57.122911,400,33.8964,9.6781,16,8.83,2025-04-06 22:24:42.122911,0
2025-04-06 22:27:57.122911,451,34.4241,29.8151,85,91.14,2025-04-06 22:25:42.122911,1
2025-04-06 22:28:57.122911,161,34.2616,46.7139,54,16.8,2025-04-06 22:26:00.122911,0
2025-04-06 22:29:57.122911,301,-1.1773,42.8673,8,9.85,2025-04-06 22:28:17.122911,0
2025-04-06 22:30:57.122911,461,13.8971,11.2109,87,36.02,2025-04-06 22:29:26.122911,1
2025-04-06 22:31:57.122911,304,10.1322,-2.763,59,9.79,2025-04-06 22:30:49.122911,0
2025-04-06 22:32:57.122911,400,-25.1144,22.8158,12,13.23,2025-04-06 22:31:35.122911,0
2025-04-06 22:33:57.122911,508,4.1136,7.8377,98,94.96,2025-04-06 22:33:22.122911,1
2025-04-06 22:34:57.122911,228,27.579,5.311,34,18.78,2025-04-06 22:33:29.122911,0
2025-04-06 22:35:57.122911,578,1.4052,19.1465,78,52.84,2025-04-06 22:33:21.122911,1
2025-04-06 22:36:57.122911,508,20.4816,27.0497,82,133.19,2025-04-06 22:35:07.122911,1
2025-04-06 22:37:57.122911,285,-18.4041,51.1377,16,5.88,2025-04-06 22:37:05.122911,0
2025-04-06 22:38:57.122911,338,28.5904,15.1052,96,50.96,2025-04-06 22:38:12.122911,0
2025-04-06 22:39:57.122911,400,18.8614,9.8399,29,19.99,2025-04-06 22:37:54.122911,0
2025-04-06 22:40:57.122911,360,-20.6886,5.5309,42,0.61,2025-04-06 22:38:32.122911,0
2025-04-06 22:41:57.122911,262,-32.5562,21.337,52,1.0,2025-04-06 22:40:36.122911,0
2025-04-06 22:42:57.122911,400,-33.252,13.6779,46,3.21,2025-04-06 22:42:19.122911,0
2025-04-06 22:43:57.122911,257,-15.3265,-6.9878,56,12.17,2025-04-06 22:42:23.122911,0
2025-04-06 22:44:57.122911,100,17.5539,-10.5885,41,7.84,2025-04-06 22:44:11.122911,0
2025-04-06 22:45:57.122911,327,-7.8874,-15.0376,39,18.58,2025-04-06 22:44:34.122911,0
2025-04-06 22:46:57.122911,421,-11.7456,2.0332,80,58.03,2025-04-06 22:44:44.122911,1
2025-04-06 22:47:57.122911,288,-14.3042,26.4712,18,3.85,2025-04-06 22:46:51.122911,0
2025-04-06 22:48:57.122911,321,28.9052,5.4828,3,7.01,2025-04-06 22:48:15.122911,0
2025-04-06 22:49:57.122911,387,-25.0421,3.4872,57,5.56,2025-04-06 22:49:00.122911,0
2025-04-06 22:50:57.122911,644,33.9392,50.4247,77,90.33,2025-04-06 22:48:34.122911,1
2025-04-06 22:51:57.122911,190,-21.7425,-19.623,24,18.26,2025-04-06 22:49:30.122911,0
2025-04-06 22:52:57.122911,329,-15.8872,-6.7106,25,12.95,2025-04-06 22:52:23.122911,0
2025-04-06 22:53:57.122911,280,-6.8316,46.344,43,8.22,2025-04-06 22:52:04.122911,0
2025-04-06 22:54:57.122911,400,13.3739,0.3725,3,6.28,2025-04-06 22:52:59.122911,0
2025-04-06 22:55:57.122911,314,-26.6076,35.1194,19,16.62,2025-04-06 22:53:32.122911,0
2025-04-06 22:56:57.122911,599,6.7257,12.5383,95,58.99,2025-04-06 22:56:07.122911,1
2025-04-06 22:57:57.122911,119,16.31,29.3996,42,6.88,2025-04-06 22:57:10.122911,0
2025-04-06 22:58:57.122911,690,-6.24,22.0435,92,110.96,2025-04-06 22:57:27.122911,1
2025-04-06 22:59:57.122911,461,5.9555,-3.0294,93,31.98,2025-04-06 22:58:29.122911,1
2025-04-06 23:00:57.122911,316,8.1861,44.7599,0,13.99,2025-04-06 22:58:40.122911,0
2025-04-06 23:01:57.122911,125,20.5499,-17.6166,53,8.47,2025-04-06 23:00:57.122911,0
2025-04-06 23:02:57.122911,583,-19.1435,26.0478,70,79.53,2025-04-06 23:01:23.122911,1
2025-04-06 23:03:57.122911,341,-1.5855,6.3114,14,16.41,2025-04-06 23:03:20.122911,0
2025-04-06 23:04:57.122911,386,-24.0775,42.5943,86,92.45,2025-04-06 23:03:10.122911,0
2025-04-06 23:05:57.122911,534,18.3319,38.6129,98,94.94,2025-04-06 23:04:28.122911,1
2025-04-06 23:06:57.122911,590,7.1178,50.2832,86,74.7,2025-04-06 23:06:08.122911,1
2025-04-06 23:07:57.122911,376,15.0327,-14.8662,3,11.24,2025-04-06 23:05:20.122911,0
2025-04-06 23:08:57.122911,467,-31.9172,32.0001,88,120.56,2025-04-06 23:06:01.122911,1
2025-04-06 23:09:57.122911,373,7.8282,8.0093,43,16.29,2025-04-06 23:07:41.122911,0
2025-04-06 23:10:57.122911,190,-6.0779,30.6867,34,7.1,2025-04-06 23:08:06.122911,0
2025-04-06 23:11:57.122911,398,28.5074,-8.2787,96,23.79,2025-04-06 23:09:58.122911,0
2025-04-06 23:12:57.122911,409,0.1699,34.8615,72,50.08,2025-04-06 23:11:43.122911,1
2025-04-06 23:13:57.122911,100,17.6679,19.8471,15,8.06,2025-04-06 23:11:31.122911,0
2025-04-06 23:14:57.122911,233,27.5516,29.3541,59,8.88,2025-04-06 23:12:54.122911,0
2025-04-06 23:15:57.122911,400,0.0334,12.5328,3,15.36,2025-04-06 23:15:13.122911,0
2025-04-06 23:16:57.122911,314,28.1108,-3.8597,31,5.49,2025-04-06 23:14:28.122911,0
2025-04-06 23:17:57.122911,290,22.4299,13.043,4,17.14,2025-04-06 23:14:58.122911,0
2025-04-06 23:18:57.122911,341,19.6132,54.8217,10,9.09,2025-04-06 23:17:12.122911,0
2025-04-06 23:19:57.122911,650,27.0984,11.4887,92,28.54,2025-04-06 23:17:32.122911,1
2025-04-06 23:20:57.122911,400,-25.8649,22.4065,29,15.53,2025-04-06 23:20:03.122911,0
2025-04-06 23:21:57.122911,365,-33.8385,29.6289,29,2.0,2025-04-06 23:19:32.122911,0
2025-04-06 23:22:57.122911,386,-33.3405,42.621,9,4.68,2025-04-06 23:20:13.122911,0
2025-04-06 23:23:57.122911,262,29.8841,-3.9726,11,0.72,2025-04-06 23:23:12.122911,0
2025-04-06 23:24:57.122911,249,16.181,51.0067,17,17.16,2025-04-06 23:22:40.122911,0
2025-04-06 23:25:57.122911,190,33.166,20.8149,59,7.95,2025-04-06 23:24:29.122911,0
2025-04-06 23:26:57.122911,218,28.297,8.1041,14,5.43,2025-04-06 23:25:25.122911,0
2025-04-06 23:27:57.122911,290,-12.7712,-0.5459,16,4.44,2025-04-06 23:27:20.122911,0
2025-04-06 23:28:57.122911,239,-31.4609,26.9843,15,3.86,2025-04-06 23:26:47.122911,0
2025-04-06 23:29:57.122911,100,3.6934,-3.7812,35,13.88,2025-04-06 23:29:07.122911,0
2025-04-06 23:30:57.122911,262,3.319,35.0429,26,18.22,2025-04-06 23:29:25.122911,0
2025-04-06 23:31:57.122911,184,5.9387,5.3149,4,16.55,2025-04-06 23:30:54.122911,0
2025-04-06 23:32:57.122911,335,27.026,47.1767,91,53.78,2025-04-06 23:31:15.122911,0
2025-04-06 23:33:57.122911,481,3.1907,-12.0806,94,38.34,2025-04-06 23:33:23.122911,1
2025-04-06 23:34:57.122911,432,11.989,0.2983,80,66.86,2025-04-06 23:33:54.122911,1
2025-04-06 23:35:57.122911,294,20.5673,29.4567,3,19.55,2025-04-06 23:34:03.122911,0
2025-04-06 23:36:57.122911,253,18.7604,12.5771,18,19.7,2025-04-06 23:34:10.122911,0
2025-04-06 23:37:57.122911,116,-33.3527,12.2217,15,12.9,2025-04-06 23:36:00.122911,0
2025-04-06 23:38:57.122911,221,7.2235,19.27,54,1.99,2025-04-06 23:36:08.122911,0
2025-04-06 23:39:57.122911,539,-26.1831,53.4364,73,33.37,2025-04-06 23:38:13.122911,1
2025-04-06 23:40:57.122911,227,27.2704,50.7946,11,3.04,2025-04-06 23:39:39.122911,0
2025-04-06 23:41:57.122911,373,-33.713,14.805,37,2.87,2025-04-06 23:40:46.122911,0
2025-04-06 23:42:57.122911,704,-19.69,-15.5043,93,117.12,2025-04-06 23:42:06.122911,1
2025-04-06 23:43:57.122911,566,6.5899,10.8531,71,43.85,2025-04-06 23:42:15.122911,1
2025-04-06 23:44:57.122911,230,21.473,43.1512,8,12.45,2025-04-06 23:43:49.122911,0
2025-04-06 23:45:57.122911,192,9.3388,40.4144,23,9.85,2025-04-06 23:44:59.122911,0
2025-04-06 23:46:57.122911,400,4.4744,17.5209,36,11.54,2025-04-06 23:44:10.122911,0
2025-04-06 23:47:57.122911,698,-24.9703,33.6039,95,72.86,2025-04-06 23:47:06.122911,1
2025-04-06 23:48:57.122911,316,7.3837,3.0915,15,19.89,2025-04-06 23:46:00.122911,0
2025-04-06 23:49:57.122911,560,11.3284,27.5284,85,48.33,2025-04-06 23:47:08.122911,1
2025-04-06 23:50:57.122911,325,-26.0841,-10.5297,44,16.75,2025-04-06 23:50:13.122911,0
2025-04-06 23:51:57.122911,588,19.5875,-11.1336,92,114.76,2025-04-06 23:49:51.122911,1
2025-04-06 23:52:57.122911,612,-24.6248,-13.0926,86,92.07,2025-04-06 23:51:56.122911,1
2025-04-06 23:53:57.122911,604,34.2185,-3.0704,91,106.61,2025-04-06 23:52:16.122911,1
2025-04-06 23:54:57.122911,812,33.3756,10.3544,80,127.86,2025-04-06 23:53:34.122911,1
2025-04-06 23:55:57.122911,400,-0.7675,44.4667,46,6.37,2025-04-06 23:55:20.122911,0
2025-04-06 23:56:57.122911,333,16.6954,29.9963,50,7.29,2025-04-06 23:54:40.122911,0
2025-04-06 23:57:57.122911,400,34.6279,-13.0625,3,8.52,2025-04-06 23:55:07.122911,0
2025-04-06 23:58:57.122911,400,-3.9876,26.2829,56,5.69,2025-04-06 23:57:02.122911,0
2025-04-06 23:59:57.122911,226,-1.5056,23.9173,25,2.16,2025-04-06 23:57:11.122911,0
2025-04-07 00:00:57.122911,415,3.1041,-2.4694,88,96.13,2025-04-06 23:59:46.122911,1
2025-04-07 00:01:57.122911,759,33.3922,20.8579,79,40.01,2025-04-07 00:00:36.122911,1
2025-04-07 00:02:57.122911,298,28.5415,54.7424,55,1.49,2025-04-07 00:00:08.122911,0
2025-04-07 00:03:57.122911,350,16.2672,49.3081,52,10.59,2025-04-07 00:03:15.122911,0
2025-04-07 00:04:57.122911,400,32.6583,27.109,53,6.06,2025-04-07 00:03:39.122911,0
2025-04-07 00:05:57.122911,180,-26.5687,23.8407,40,5.02,2025-04-07 00:03:37.122911,0
2025-04-07 00:06:57.122911,400,-11.2486,17.9449,24,1.24,2025-04-07 00:05:10.122911,0
2025-04-07 00:07:57.122911,541,26.8292,11.1119,82,34.97,2025-04-07 00:05:42.122911,1
2025-04-07 00:08:57.122911,227,10.3763,-15.3915,52,8.84,2025-04-07 00:07:01.122911,0
2025-04-07 00:09:57.122911,681,1.7681,-11.6593,79,54.12,2025-04-07 00:08:36.122911,1
2025-04-07 00:10:57.122911,394,13.8739,-3.8813,86,100.6,2025-04-07 00:09:17.122911,0
2025-04-07 00:11:57.122911,399,2.8195,-14.054,23,16.06,2025-04-07 00:11:01.122911,0
2025-04-07 00:12:57.122911,325,-14.2572,-9.2398,56,7.93,2025-04-07 00:11:41.122911,0
2025-04-07 00:13:57.122911,267,17.8594,23.9968,38,18.79,2025-04-07 00:11:16.122911,0
2025-04-07 00:14:57.122911,564,29.1052,6.9846,80,122.88,2025-04-07 00:12:58.122911,1
2025-04-07 00:15:57.122911,558,-7.4105,25.2501,92,62.34,2025-04-07 00:14:02.122911,1
2025-04-07 00:16:57.122911,290,30.5156,30.4188,17,11.61,2025-04-07 00:15:55.122911,0
2025-04-07 00:17:57.122911,339,-28.9708,41.079,38,19.65,2025-04-07 00:15:31.122911,0
2025-04-07 00:18:57.122911,251,-26.8479,-10.4678,51,0.48,2025-04-07 00:16:13.122911,0
2025-04-07 00:19:57.122911,533,-4.1195,-5.0441,96,45.6,2025-04-07 00:17:35.122911,1
2025-04-07 00:20:57.122911,380,22.8153,27.3594,23,11.09,2025-04-07 00:20:03.122911,0
2025-04-07 00:21:57.122911,513,-5.9413,-18.9252,83,41.4,2025-04-07 00:21:19.122911,1
2025-04-07 00:22:57.122911,595,18.4585,19.2551,74,98.57,2025-04-07 00:21:14.122911,1
2025-04-07 00:23:57.122911,100,-22.0879,-4.828,58,3.27,2025-04-07 00:22:53.122911,0
2025-04-07 00:24:57.122911,634,-1.1694,8.7088,75,86.52,2025-04-07 00:22:26.122911,1
2025-04-07 00:25:57.122911,495,4.6213,45.8525,77,94.6,2025-04-07 00:24:28.122911,1
2025-04-07 00:26:57.122911,402,22.5637,47.7073,84,121.12,2025-04-07 00:24:35.122911,1
2025-04-07 00:27:57.122911,258,-3.3904,50.2696,45,9.09,2025-04-07 00:25:59.122911,0
2025-04-07 00:28:57.122911,574,-9.9302,54.2129,83,51.96,2025-04-07 00:28:03.122911,1
2025-04-07 00:29:57.122911,266,-23.1089,-15.8438,17,13.45,2025-04-07 00:28:32.122911,0
2025-04-07 00:30:57.122911,198,10.7081,23.4714,46,8.27,2025-04-07 00:29:20.122911,0
2025-04-07 00:31:57.122911,311,-0.6714,-7.2872,47,2.3,2025-04-07 00:29:00.122911,0
2025-04-07 00:32:57.122911,610,3.285,15.6317,87,108.08,2025-04-07 00:31:25.122911,1
2025-04-07 00:33:57.122911,267,34.476,-1.9497,54,15.65,2025-04-07 00:33:14.122911,0
2025-04-07 00:34:57.122911,400,9.1502,35.4762,43,9.8,2025-04-07 00:34:09.122911,0
2025-04-07 00:35:57.122911,400,1.5319,-14.902,58,7.44,2025-04-07 00:33:22.122911,0
2025-04-07 00:36:57.122911,460,-2.8249,30.6821,71,104.8,2025-04-07 00:34:22.122911,1
2025-04-07 00:37:57.122911,510,31.4491,45.9701,77,40.64,2025-04-07 00:36:03.122911,1
2025-04-07 00:38:57.122911,300,-13.8019,34.816,0,7.09,2025-04-07 00:36:41.122911,0
2025-04-07 00:39:57.122911,116,10.9132,-5.0889,22,4.88,2025-04-07 00:37:57.122911,0
2025-04-07 00:40:57.122911,194,22.9249,-0.9095,17,1.38,2025-04-07 00:38:13.122911,0
2025-04-07 00:41:57.122911,619,20.7371,35.1269,90,93.76,2025-04-07 00:39:36.122911,1
2025-04-07 00:42:57.122911,681,-5.663,24.9474,89,53.97,2025-04-07 00:42:03.122911,1
2025-04-07 00:43:57.122911,218,-12.6917,-12.1493,37,1.83,2025-04-07 00:43:25.122911,0
2025-04-07 00:44:57.122911,374,8.7977,21.2899,70,31.88,2025-04-07 00:42:23.122911,0
2025-04-07 00:45:57.122911,263,25.3165,23.2838,24,0.45,2025-04-07 00:43:59.122911,0
2025-04-07 00:46:57.122911,244,-4.9229,36.2395,28,16.2,2025-04-07 00:45:15.122911,0
2025-04-07 00:47:57.122911,425,-4.4803,24.5537,92,70.02,2025-04-07 00:47:07.122911,1
2025-04-07 00:48:57.122911,328,-22.5871,34.2304,31,16.63,2025-04-07 00:48:18.122911,0
2025-04-07 00:49:57.122911,425,-7.8784,44.761,78,98.63,2025-04-07 00:47:39.122911,1
2025-04-07 00:50:57.122911,309,-11.7053,21.8054,3,5.32,2025-04-07 00:49:19.122911,0
2025-04-07 00:51:57.122911,400,-33.6738,35.1938,1,16.32,2025-04-07 00:49:53.122911,0
2025-04-07 00:52:57.122911,368,-31.0018,-9.6778,85,61.57,2025-04-07 00:52:17.122911,0
2025-04-07 00:53:57.122911,252,-10.04,48.3794,55,8.33,2025-04-07 00:52:15.122911,0
2025-04-07 00:54:57.122911,263,30.2189,26.5278,1,13.61,2025-04-07 00:53:24.122911,0
2025-04-07 00:55:57.122911,355,-24.404,-8.6085,50,17.73,2025-04-07 00:55:08.122911,0
2025-04-07 00:56:57.122911,318,32.5647,12.1138,16,3.65,2025-04-07 00:54:42.122911,0
2025-04-07 00:57:57.122911,442,9.5248,9.871,91,60.72,2025-04-07 00:55:22.122911,1
2025-04-07 00:58:57.122911,731,20.6541,4.2798,93,127.28,2025-04-07 00:57:53.122911,1
2025-04-07 00:59:57.122911,266,20.1579,47.7436,6,0.51,2025-04-07 00:58:16.122911,0
2025-04-07 01:00:57.122911,566,3.2146,49.4654,89,83.13,2025-04-07 01:00:21.122911,1
2025-04-07 01:01:57.122911,635,-12.0288,-15.9671,92,130.93,2025-04-07 01:00:13.122911,1
2025-04-07 01:02:57.122911,355,-30.5421,-6.7155,50,6.12,2025-04-07 01:01:10.122911,0
2025-04-07 01:03:57.122911,216,21.8362,50.9312,38,15.04,2025-04-07 01:02:29.122911,0
2025-04-07 01:04:57.122911,289,16.9384,30.8292,44,14.1,2025-04-07 01:03:53.122911,0
2025-04-07 01:05:57.122911,469,24.4369,8.7548,70,81.81,2025-04-07 01:04:47.122911,1
2025-04-07 01:06:57.122911,307,-21.7563,34.0288,41,10.98,2025-04-07 01:04:21.122911,0
2025-04-07 01:07:57.122911,400,-27.6219,42.914,2,14.19,2025-04-07 01:05:36.122911,0
2025-04-07 01:08:57.122911,288,-13.7031,-9.5565,30,2.84,2025-04-07 01:07:06.122911,0
2025-04-07 01:09:57.122911,612,9.1963,0.2919,96,108.29,2025-04-07 01:07:17.122911,1
2025-04-07 01:10:57.122911,277,19.2854,9.4841,12,5.97,2025-04-07 01:08:32.122911,0
2025-04-07 01:11:57.122911,342,-22.9883,-7.4405,43,10.55,2025-04-07 01:10:50.122911,0
2025-04-07 01:12:57.122911,543,-3.4113,45.1881,91,81.62,2025-04-07 01:10:54.122911,1
2025-04-07 01:13:57.122911,136,24.727,30.516,34,17.9,2025-04-07 01:13:11.122911,0
2025-04-07 01:14:57.122911,400,-12.5402,24.7038,73,86.67,2025-04-07 01:13:19.122911,0
2025-04-07 01:15:57.122911,400,-34.9841,48.6251,41,4.39,2025-04-07 01:14:24.122911,0
2025-04-07 01:16:57.122911,364,30.0166,12.2902,70,114.12,2025-04-07 01:14:16.122911,0
2025-04-07 01:17:57.122911,100,-18.585,36.2034,31,14.22,2025-04-07 01:16:18.122911,0
2025-04-07 01:18:57.122911,500,-15.7845,26.8498,92,117.53,2025-04-07 01:18:10.122911,1
2025-04-07 01:19:57.122911,400,19.1228,30.3691,41,17.55,2025-04-07 01:18:58.122911,0
2025-04-07 01:20:57.122911,266,21.5647,4.0543,57,0.75,2025-04-07 01:20:21.122911,0
2025-04-07 01:21:57.122911,218,25.4046,0.0306,45,7.97,2025-04-07 01:20:10.122911,0
2025-04-07 01:22:57.122911,382,-18.5672,41.4152,46,8.07,2025-04-07 01:20:20.122911,0
2025-04-07 01:23:57.122911,523,-5.7824,8.265,94,57.88,2025-04-07 01:23:06.122911,1
2025-04-07 01:24:57.122911,188,2.5929,42.9998,28,14.75,2025-04-07 01:22:36.122911,0
2025-04-07 01:25:57.122911,400,9.4435,-10.7115,55,2.45,2025-04-07 01:24:53.122911,0
2025-04-07 01:26:57.122911,180,3.1242,-14.1608,0,16.43,2025-04-07 01:24:19.122911,0
2025-04-07 01:27:57.122911,568,0.8246,37.7082,91,21.72,2025-04-07 01:26:14.122911,1
2025-04-07 01:28:57.122911,258,27.1734,-5.0585,16,16.39,2025-04-07 01:27:17.122911,0
2025-04-07 01:29:57.122911,400,-23.8084,31.8435,13,10.89,2025-04-07 01:29:18.122911,0
2025-04-07 01:30:57.122911,531,10.8308,10.8403,74,127.88,2025-04-07 01:28:19.122911,1
2025-04-07 01:31:57.122911,611,-32.2132,0.5491,75,73.76,2025-04-07 01:29:13.122911,1
2025-04-07 01:32:57.122911,356,13.9718,43.9695,95,115.51,2025-04-07 01:31:19.122911,0
2025-04-07 01:33:57.122911,576,19.2664,5.6943,75,69.61,2025-04-07 01:32:09.122911,1
2025-04-07 01:34:57.122911,245,30.6645,48.8235,28,2.92,2025-04-07 01:34:25.122911,0
2025-04-07 01:35:57.122911,353,-13.0408,27.6734,40,6.7,2025-04-07 01:33:45.122911,0
2025-04-07 01:36:57.122911,389,22.0069,8.6593,25,11.93,2025-04-07 01:34:51.122911,0
2025-04-07 01:37:57.122911,443,-9.6249,41.7998,85,110.49,2025-04-07 01:36:24.122911,1
2025-04-07 01:38:57.122911,229,-8.5243,18.797,49,9.45,2025-04-07 01:38:15.122911,0
2025-04-07 01:39:57.122911,652,-18.1437,9.0105,94,99.28,2025-04-07 01:38:00.122911,1
2025-04-07 01:40:57.122911,458,28.7578,-19.5465,70,31.67,2025-04-07 01:38:27.122911,1
2025-04-07 01:41:57.122911,372,32.6083,-4.5654,16,3.23,2025-04-07 01:40:03.122911,0
2025-04-07 01:42:57.122911,241,-29.3332,45.746,54,5.65,2025-04-07 01:41:46.122911,0
2025-04-07 01:43:57.122911,190,0.1406,23.7346,30,0.08,2025-04-07 01:42:41.122911,0
2025-04-07 01:44:57.122911,152,-0.0561,-3.7566,8,6.28,2025-04-07 01:44:09.122911,0
2025-04-07 01:45:57.122911,297,-3.8603,16.6786,45,19.23,2025-04-07 01:44:46.122911,0
2025-04-07 01:46:57.122911,212,21.8265,5.6387,43,15.24,2025-04-07 01:44:41.122911,0
2025-04-07 01:47:57.122911,350,8.6247,35.622,35,18.82,2025-04-07 01:45:04.122911,0
2025-04-07 01:48:57.122911,548,-33.5984,-15.312,99,77.97,2025-04-07 01:46:04.122911,1
2025-04-07 01:49:57.122911,400,11.3193,-3.5655,15,9.61,2025-04-07 01:47:58.122911,0
2025-04-07 01:50:57.122911,267,-1.2179,-3.7976,32,14.97,2025-04-07 01:49:20.122911,0
2025-04-07 01:51:57.122911,211,8.2804,31.0504,43,10.71,2025-04-07 01:51:02.122911,0
2025-04-07 01:52:57.122911,100,-32.2514,53.2963,47,0.02,2025-04-07 01:51:09.122911,0
2025-04-07 01:53:57.122911,472,30.71,16.9272,89,131.41,2025-04-07 01:52:48.122911,1
2025-04-07 01:54:57.122911,141,-13.3411,50.2543,35,8.37,2025-04-07 01:52:14.122911,0
2025-04-07 01:55:57.122911,439,-7.4455,15.5077,91,97.65,2025-04-07 01:54:40.122911,1
2025-04-07 01:56:57.122911,298,-28.8306,38.2599,19,17.39,2025-04-07 01:55:19.122911,0
2025-04-07 01:57:57.122911,444,9.4726,-5.2635,90,89.6,2025-04-07 01:57:11.122911,1
2025-04-07 01:58:57.122911,172,4.1821,44.3451,7,6.44,2025-04-07 01:56:23.122911,0
2025-04-07 01:59:57.122911,358,-28.51,19.9167,11,3.86,2025-04-07 01:59:18.122911,0
2025-04-07 02:00:57.122911,291,21.81,16.1706,16,15.84,2025-04-07 01:58:45.122911,0
2025-04-07 02:01:57.122911,184,5.788,-10.6919,21,17.97,2025-04-07 02:01:16.122911,0
2025-04-07 02:02:57.122911,334,-12.013,16.5409,33,3.68,2025-04-07 02:00:21.122911,0
2025-04-07 02:03:57.122911,518,21.9203,-0.6891,90,114.64,2025-04-07 02:02:52.122911,1
2025-04-07 02:04:57.122911,314,-15.6272,21.8628,85,76.9,2025-04-07 02:03:38.122911,0
2025-04-07 02:05:57.122911,148,-1.7662,5.2243,37,0.73,2025-04-07 02:03:29.122911,0
2025-04-07 02:06:57.122911,502,-30.5826,4.3457,86,101.06,2025-04-07 02:04:28.122911,1
2025-04-07 02:07:57.122911,301,-4.9595,-14.3828,38,9.67,2025-04-07 02:06:31.122911,0
2025-04-07 02:08:57.122911,347,-21.3529,17.8684,11,4.8,2025-04-07 02:07:56.122911,0
2025-04-07 02:09:57.122911,297,23.3915,-11.1521,56,1.05,2025-04-07 02:08:24.122911,0
2025-04-07 02:10:57.122911,337,-16.6314,11.6284,32,16.88,2025-04-07 02:09:04.122911,0
2025-04-07 02:11:57.122911,400,8.2054,46.3606,45,7.0,2025-04-07 02:10:35.122911,0
2025-04-07 02:12:57.122911,445,25.555,25.0594,71,146.11,2025-04-07 02:11:48.122911,1
2025-04-07 02:13:57.122911,400,18.0444,1.1439,29,9.64,2025-04-07 02:12:23.122911,0
2025-04-07 02:14:57.122911,488,-22.9661,21.0494,90,34.73,2025-04-07 02:14:15.122911,1
2025-04-07 02:15:57.122911,193,-28.0294,-18.7979,57,10.29,2025-04-07 02:14:06.122911,0
2025-04-07 02:16:57.122911,230,-34.2614,9.5568,21,13.9,2025-04-07 02:15:00.122911,0
2025-04-07 02:17:57.122911,272,26.5886,28.6512,8,8.13,2025-04-07 02:16:14.122911,0
2025-04-07 02:18:57.122911,290,-13.3216,-4.8654,40,2.63,2025-04-07 02:16:21.122911,0
2025-04-07 02:19:57.122911,495,-8.89,-4.3222,85,40.13,2025-04-07 02:17:40.122911,1
2025-04-07 02:20:57.122911,400,-3.4806,-1.0602,36,19.91,2025-04-07 02:18:25.122911,0
2025-04-07 02:21:57.122911,363,-12.7467,-19.3417,15,16.17,2025-04-07 02:19:58.122911,0
2025-04-07 02:22:57.122911,230,0.3756,10.2273,47,0.75,2025-04-07 02:22:00.122911,0
2025-04-07 02:23:57.122911,282,-0.8318,40.9797,12,8.91,2025-04-07 02:22:13.122911,0
2025-04-07 02:24:57.122911,316,-19.9391,27.0601,3,12.57,2025-04-07 02:22:47.122911,0
2025-04-07 02:25:57.122911,596,-13.6857,53.721,91,56.76,2025-04-07 02:23:02.122911,1
2025-04-07 02:26:57.122911,566,-18.269,27.1655,94,72.67,2025-04-07 02:26:19.122911,1
2025-04-07 02:27:57.122911,279,17.9335,9.5316,56,6.52,2025-04-07 02:27:00.122911,0
2025-04-07 02:28:57.122911,548,-1.7984,-7.3985,89,58.99,2025-04-07 02:28:11.122911,1
2025-04-07 02:29:57.122911,239,-33.8338,5.4209,41,13.48,2025-04-07 02:26:58.122911,0
2025-04-07 02:30:57.122911,494,-17.0511,50.0483,78,96.09,2025-04-07 02:28:22.122911,1
2025-04-07 02:31:57.122911,288,24.9785,15.0159,50,10.29,2025-04-07 02:30:08.122911,0
2025-04-07 02:32:57.122911,261,-3.0178,15.6331,12,17.29,2025-04-07 02:30:35.122911,0
2025-04-07 02:33:57.122911,223,26.181,-3.4466,55,14.54,2025-04-07 02:32:04.122911,0
2025-04-07 02:34:57.122911,461,0.1925,42.959,74,72.22,2025-04-07 02:32:01.122911,1
2025-04-07 02:35:57.122911,453,-1.9862,-2.9389,89,121.41,2025-04-07 02:33:31.122911,1
2025-04-07 02:36:57.122911,239,-34.5001,14.2548,33,16.41,2025-04-07 02:35:47.122911,0
2025-04-07 02:37:57.122911,400,-26.2747,52.1061,50,10.43,2025-04-07 02:36:10.122911,0
2025-04-07 02:38:57.122911,463,-33.6386,-5.8404,78,26.12,2025-04-07 02:37:36.122911,1
2025-04-07 02:39:57.122911,368,7.6654,22.6324,70,34.55,2025-04-07 02:38:45.122911,0
2025-04-07 02:40:57.122911,400,0.676,48.1649,57,5.02,2025-04-07 02:39:17.122911,0
2025-04-07 02:41:57.122911,400,-31.4645,21.0479,55,18.62,2025-04-07 02:41:03.122911,0
2025-04-07 02:42:57.122911,143,-12.297,51.4108,55,9.44,2025-04-07 02:42:09.122911,0
2025-04-07 02:43:57.122911,527,0.7322,-0.5906,94,77.14,2025-04-07 02:41:39.122911,1
2025-04-07 02:44:57.122911,237,31.1295,5.1159,55,19.33,2025-04-07 02:43:01.122911,0
2025-04-07 02:45:57.122911,352,-23.6987,52.056,55,1.83,2025-04-07 02:45:08.122911,0
2025-04-07 02:46:57.122911,400,-3.5039,31.9682,26,5.15,2025-04-07 02:46:11.122911,0
2025-04-07 02:47:57.122911,341,-6.6048,-7.3129,6,10.67,2025-04-07 02:46:59.122911,0
2025-04-07 02:48:57.122911,467,1.0617,54.2714,93,110.35,2025-04-07 02:48:16.122911,1
2025-04-07 02:49:57.122911,317,-18.3197,-3.1713,44,16.2,2025-04-07 02:47:19.122911,0
2025-04-07 02:50:57.122911,362,-22.2556,18.4647,96,44.1,2025-04-07 02:48:36.122911,0
2025-04-07 02:51:57.122911,307,-17.9097,13.7582,38,17.45,2025-04-07 02:50:17.122911,0
2025-04-07 02:52:57.122911,347,-7.3864,45.0295,59,9.16,2025-04-07 02:51:53.122911,0
2025-04-07 02:53:57.122911,380,-3.9593,4.0748,38,19.33,2025-04-07 02:50:58.122911,0
2025-04-07 02:54:57.122911,786,-27.5512,41.6314,89,49.94,2025-04-07 02:54:27.122911,1
2025-04-07 02:55:57.122911,580,19.5556,19.1873,81,86.83,2025-04-07 02:53:40.122911,1
2025-04-07 02:56:57.122911,316,-34.8104,43.746,3,8.1,2025-04-07 02:54:29.122911,0
2025-04-07 02:57:57.122911,299,23.9135,-17.7235,50,4.22,2025-04-07 02:55:47.122911,0
2025-04-07 02:58:57.122911,275,12.4001,-11.0734,2,18.76,2025-04-07 02:57:12.122911,0
2025-04-07 02:59:57.122911,363,15.0755,0.3357,73,31.64,2025-04-07 02:58:19.122911,0
2025-04-07 03:00:57.122911,291,-9.3325,9.3188,8,4.35,2025-04-07 03:00:24.122911,0
2025-04-07 03:01:57.122911,277,-12.8167,0.0096,36,1.36,2025-04-07 02:59:40.122911,0
2025-04-07 03:02:57.122911,400,24.1405,6.9757,12,17.17,2025-04-07 03:02:11.122911,0
2025-04-07 03:03:57.122911,244,-6.3572,4.7034,1,0.2,2025-04-07 03:03:06.122911,0
2025-04-07 03:04:57.122911,233,22.1265,53.793,54,17.24,2025-04-07 03:03:19.122911,0
2025-04-07 03:05:57.122911,368,-7.2247,12.3408,55,9.16,2025-04-07 03:03:20.122911,0
2025-04-07 03:06:57.122911,336,5.5519,46.675,93,63.39,2025-04-07 03:04:10.122911,0
2025-04-07 03:07:57.122911,556,-13.2835,-6.3677,82,83.96,2025-04-07 03:07:08.122911,1
2025-04-07 03:08:57.122911,400,3.7786,2.3466,49,8.92,2025-04-07 03:07:43.122911,0
2025-04-07 03:09:57.122911,559,18.7435,-11.4526,75,125.03,2025-04-07 03:07:35.122911,1
2025-04-07 03:10:57.122911,371,-16.411,40.508,36,15.3,2025-04-07 03:08:15.122911,0
2025-04-07 03:11:57.122911,522,-4.7593,54.9287,79,54.46,2025-04-07 03:10:01.122911,1
2025-04-07 03:12:57.122911,470,26.3989,19.6142,75,38.92,2025-04-07 03:11:29.122911,1
2025-04-07 03:13:57.122911,583,-12.898,26.6139,93,103.6,2025-04-07 03:11:20.122911,1
2025-04-07 03:14:57.122911,384,-8.0459,50.7237,46,5.2,2025-04-07 03:13:35.122911,0
2025-04-07 03:15:57.122911,637,-23.0579,12.7568,98,131.57,2025-04-07 03:13:22.122911,1
2025-04-07 03:16:57.122911,594,-33.2749,32.2517,98,140.99,2025-04-07 03:16:07.122911,1
2025-04-07 03:17:57.122911,386,0.9959,20.4393,87,134.31,2025-04-07 03:15:45.122911,0
2025-04-07 03:18:57.122911,194,-32.2036,7.172,42,8.78,2025-04-07 03:16:22.122911,0
2025-04-07 03:19:57.122911,413,29.9989,28.0815,71,80.97,2025-04-07 03:18:12.122911,1
2025-04-07 03:20:57.122911,400,33.0798,7.0045,20,1.32,2025-04-07 03:18:15.122911,0
2025-04-07 03:21:57.122911,400,-31.0034,5.7289,37,6.14,2025-04-07 03:21:13.122911,0
2025-04-07 03:22:57.122911,191,-25.2215,33.6802,0,0.24,2025-04-07 03:22:15.122911,0
2025-04-07 03:23:57.122911,360,-25.3941,50.3246,95,94.46,2025-04-07 03:23:20.122911,0
2025-04-07 03:24:57.122911,100,-27.8685,48.334,6,3.85,2025-04-07 03:23:03.122911,0
2025-04-07 03:25:57.122911,278,12.8652,36.4839,47,11.65,2025-04-07 03:24:08.122911,0
2025-04-07 03:26:57.122911,400,-31.0098,24.0849,44,3.68,2025-04-07 03:24:55.122911,0
2025-04-07 03:27:57.122911,400,34.6342,52.4919,8,5.68,2025-04-07 03:26:59.122911,0
2025-04-07 03:28:57.122911,328,15.0935,31.5206,42,16.77,2025-04-07 03:27:46.122911,0
2025-04-07 03:29:57.122911,436,25.102,52.2049,71,107.91,2025-04-07 03:28:14.122911,1
2025-04-07 03:30:57.122911,184,21.8996,23.4067,24,2.11,2025-04-07 03:29:18.122911,0
2025-04-07 03:31:57.122911,400,-14.9705,28.0335,19,17.02,2025-04-07 03:29:19.122911,0
2025-04-07 03:32:57.122911,609,19.22,-3.6703,84,122.56,2025-04-07 03:31:43.122911,1
2025-04-07 03:33:57.122911,342,17.7604,-0.9965,15,4.16,2025-04-07 03:31:04.122911,0
2025-04-07 03:34:57.122911,242,17.8379,3.2097,33,11.87,2025-04-07 03:33:45.122911,0
2025-04-07 03:35:57.122911,482,31.311,-4.5784,95,45.57,2025-04-07 03:33:21.122911,1
2025-04-07 03:36:57.122911,706,31.2001,30.7615,89,78.87,2025-04-07 03:36:27.122911,1
2025-04-07 03:37:57.122911,222,-27.6738,11.7208,35,2.88,2025-04-07 03:36:23.122911,0
2025-04-07 03:38:57.122911,494,16.355,43.0014,91,78.81,2025-04-07 03:36:48.122911,1
2025-04-07 03:39:57.122911,251,-19.7188,-15.898,21,4.59,2025-04-07 03:38:41.122911,0
2025-04-07 03:40:57.122911,610,27.3682,22.7123,95,79.22,2025-04-07 03:39:15.122911,1
2025-04-07 03:41:57.122911,406,-19.1606,-10.1145,96,109.13,2025-04-07 03:41:26.122911,1
2025-04-07 03:42:57.122911,484,-3.6157,16.6929,74,126.22,2025-04-07 03:42:14.122911,1
2025-04-07 03:43:57.122911,117,30.8348,51.4626,41,8.99,2025-04-07 03:41:42.122911,0
2025-04-07 03:44:57.122911,240,26.298,0.3573,32,9.48,2025-04-07 03:43:59.122911,0
2025-04-07 03:45:57.122911,708,-8.7275,27.0065,79,23.66,2025-04-07 03:44:13.122911,1
2025-04-07 03:46:57.122911,383,-22.8227,-16.5353,50,17.37,2025-04-07 03:44:42.122911,0
2025-04-07 03:47:57.122911,275,-29.6243,11.028,24,16.11,2025-04-07 03:45:51.122911,0
2025-04-07 03:48:57.122911,343,18.9015,27.2631,36,1.68,2025-04-07 03:47:19.122911,0
2025-04-07 03:49:57.122911,427,-16.7537,-13.0604,72,46.49,2025-04-07 03:47:18.122911,1
2025-04-07 03:50:57.122911,215,14.6275,47.9576,45,10.29,2025-04-07 03:49:33.122911,0
2025-04-07 03:51:57.122911,340,-0.228,43.2209,46,18.58,2025-04-07 03:50:30.122911,0
2025-04-07 03:52:57.122911,431,-9.7149,27.7977,93,42.62,2025-04-07 03:51:17.122911,1
2025-04-07 03:53:57.122911,474,25.1253,5.8577,95,102.54,2025-04-07 03:52:39.122911,1
2025-04-07 03:54:57.122911,198,-17.5842,48.2662,48,14.3,2025-04-07 03:52:02.122911,0
2025-04-07 03:55:57.122911,226,26.7383,51.9313,59,12.44,2025-04-07 03:53:33.122911,0
2025-04-07 03:56:57.122911,233,-10.9636,-18.5676,24,13.29,2025-04-07 03:55:48.122911,0
2025-04-07 03:57:57.122911,202,-5.4119,33.8551,49,0.15,2025-04-07 03:55:51.122911,0
2025-04-07 03:58:57.122911,670,-20.2466,-2.246,76,96.5,2025-04-07 03:56:31.122911,1
2025-04-07 03:59:57.122911,431,-3.634,16.5925,97,107.0,2025-04-07 03:57:31.122911,1
2025-04-07 04:00:57.122911,400,0.5173,13.1128,15,14.04,2025-04-07 03:58:18.122911,0
2025-04-07 04:01:57.122911,400,-29.2824,-3.6706,7,12.37,2025-04-07 04:00:18.122911,0
2025-04-07 04:02:57.122911,260,2.3139,27.3658,53,19.05,2025-04-07 04:02:06.122911,0
2025-04-07 04:03:57.122911,527,-22.2858,2.6797,82,79.63,2025-04-07 04:03:19.122911,1
2025-04-07 04:04:57.122911,672,14.7295,11.4193,94,140.46,2025-04-07 04:02:17.122911,1
2025-04-07 04:05:57.122911,176,-13.549,52.166,2,8.6,2025-04-07 04:04:21.122911,0
2025-04-07 04:06:57.122911,638,12.1394,26.0875,73,120.99,2025-04-07 04:06:16.122911,1
2025-04-07 04:07:57.122911,449,34.7196,40.0402,72,89.33,2025-04-07 04:06:59.122911,1
2025-04-07 04:08:57.122911,534,29.7545,7.4585,97,46.88,2025-04-07 04:07:24.122911,1
2025-04-07 04:09:57.122911,194,-24.7374,-8.025,30,16.51,2025-04-07 04:08:10.122911,0
2025-04-07 04:10:57.122911,208,8.5783,3.1688,47,0.9,2025-04-07 04:08:11.122911,0
2025-04-07 04:11:57.122911,379,1.4162,-17.2165,79,38.11,2025-04-07 04:11:00.122911,0
2025-04-07 04:12:57.122911,332,30.5545,41.9151,58,1.75,2025-04-07 04:11:42.122911,0
2025-04-07 04:13:57.122911,500,-24.5064,20.3186,74,26.48,2025-04-07 04:11:54.122911,1
2025-04-07 04:14:57.122911,335,-31.8788,-9.2704,50,19.21,2025-04-07 04:12:18.122911,0
2025-04-07 04:15:57.122911,312,-2.8306,17.4226,51,10.84,2025-04-07 04:14:50.122911,0
2025-04-07 04:16:57.122911,244,18.5604,16.3968,24,10.06,2025-04-07 04:15:21.122911,0
2025-04-07 04:17:57.122911,195,-29.1346,28.2296,11,12.16,2025-04-07 04:15:54.122911,0
2025-04-07 04:18:57.122911,518,21.2585,41.3367,76,52.92,2025-04-07 04:17:35.122911,1
2025-04-07 04:19:57.122911,362,-28.7369,11.3488,19,10.92,2025-04-07 04:17:39.122911,0
2025-04-07 04:20:57.122911,578,18.5198,-14.0693,83,139.28,2025-04-07 04:18:11.122911,1
2025-04-07 04:21:57.122911,343,9.7441,-2.3238,14,4.67,2025-04-07 04:20:14.122911,0
2025-04-07 04:22:57.122911,311,-5.7481,-16.6618,48,7.7,2025-04-07 04:21:33.122911,0
2025-04-07 04:23:57.122911,181,5.6925,-14.0803,22,17.06,2025-04-07 04:23:07.122911,0
2025-04-07 04:24:57.122911,274,-9.8891,19.6951,56,7.23,2025-04-07 04:24:09.122911,0
2025-04-07 04:25:57.122911,240,3.7931,24.0927,45,1.11,2025-04-07 04:25:11.122911,0
2025-04-07 04:26:57.122911,400,-0.9462,5.0534,5,15.88,2025-04-07 04:25:14.122911,0
2025-04-07 04:27:57.122911,211,-12.3798,20.8081,48,0.7,2025-04-07 04:27:16.122911,0
2025-04-07 04:28:57.122911,417,-15.5321,-6.1674,87,62.74,2025-04-07 04:26:14.122911,1
2025-04-07 04:29:57.122911,699,-5.6747,38.1899,90,22.75,2025-04-07 04:28:33.122911,1
2025-04-07 04:30:57.122911,274,5.8398,14.6958,5,18.34,2025-04-07 04:28:27.122911,0
2025-04-07 04:31:57.122911,330,-21.771,1.1348,57,8.58,2025-04-07 04:31:11.122911,0
2025-04-07 04:32:57.122911,275,-21.2814,50.7825,35,1.64,2025-04-07 04:30:57.122911,0
2025-04-07 04:33:57.122911,368,-0.4519,14.018,17,18.29,2025-04-07 04:32:16.122911,0
2025-04-07 04:34:57.122911,535,-27.0448,-19.7061,91,26.76,2025-04-07 04:34:17.122911,1
2025-04-07 04:35:57.122911,358,6.1688,30.0224,22,2.3,2025-04-07 04:34:59.122911,0
2025-04-07 04:36:57.122911,361,8.439,27.8763,25,6.27,2025-04-07 04:35:38.122911,0
2025-04-07 04:37:57.122911,100,19.8212,-7.3911,7,17.52,2025-04-07 04:36:38.122911,0
2025-04-07 04:38:57.122911,821,12.0851,-6.9953,72,42.73,2025-04-07 04:37:10.122911,1
2025-04-07 04:39:57.122911,789,11.5955,17.011,80,149.43,2025-04-07 04:37:32.122911,1
2025-04-07 04:40:57.122911,306,27.2123,-15.3744,49,14.6,2025-04-07 04:40:19.122911,0
2025-04-07 04:41:57.122911,331,8.8089,-15.9118,17,1.06,2025-04-07 04:40:45.122911,0
2025-04-07 04:42:57.122911,316,26.7686,22.8759,91,21.3,2025-04-07 04:41:22.122911,0
2025-04-07 04:43:57.122911,670,-33.4613,40.2023,99,146.12,2025-04-07 04:42:18.122911,1
2025-04-07 04:44:57.122911,286,13.8202,28.2105,96,38.93,2025-04-07 04:43:54.122911,0
2025-04-07 04:45:57.122911,204,-29.9234,32.746,11,4.19,2025-04-07 04:43:09.122911,0
2025-04-07 04:46:57.122911,336,29.8666,16.2768,34,15.35,2025-04-07 04:46:04.122911,0
2025-04-07 04:47:57.122911,370,19.0988,40.2378,3,7.01,2025-04-07 04:46:58.122911,0
2025-04-07 04:48:57.122911,333,19.6401,7.1205,46,0.31,2025-04-07 04:46:56.122911,0
2025-04-07 04:49:57.122911,455,-30.0716,6.6198,87,144.27,2025-04-07 04:49:21.122911,1
2025-04-07 04:50:57.122911,400,-22.7851,8.4028,4,11.08,2025-04-07 04:48:00.122911,0
2025-04-07 04:51:57.122911,256,29.3855,-12.8863,22,17.88,2025-04-07 04:49:42.122911,0
2025-04-07 04:52:57.122911,199,7.4701,-7.4909,8,15.14,2025-04-07 04:52:03.122911,0
2025-04-07 04:53:57.122911,255,-12.0577,-11.3296,54,5.74,2025-04-07 04:52:20.122911,0
2025-04-07 04:54:57.122911,323,23.5404,-3.8403,27,13.27,2025-04-07 04:52:10.122911,0
2025-04-07 04:55:57.122911,644,-28.1836,2.7299,81,147.58,2025-04-07 04:53:25.122911,1
2025-04-07 04:56:57.122911,100,-3.3072,42.6655,8,13.29,2025-04-07 04:54:47.122911,0
2025-04-07 04:57:57.122911,400,0.622,-15.3167,39,16.08,2025-04-07 04:56:55.122911,0
2025-04-07 04:58:57.122911,400,-4.7519,52.4943,31,17.35,2025-04-07 04:56:50.122911,0
2025-04-07 04:59:57.122911,400,25.7669,46.0938,14,6.39,2025-04-07 04:58:42.122911,0
2025-04-07 05:00:57.122911,371,19.4537,8.6772,76,83.08,2025-04-07 04:59:34.122911,0
2025-04-07 05:01:57.122911,266,-9.6762,19.3191,14,16.18,2025-04-07 05:00:36.122911,0
2025-04-07 05:02:57.122911,300,30.3389,34.2651,28,5.55,2025-04-07 04:59:59.122911,0
2025-04-07 05:03:57.122911,243,3.2025,6.9568,50,10.19,2025-04-07 05:02:42.122911,0
2025-04-07 05:04:57.122911,275,-6.391,15.0012,8,19.01,2025-04-07 05:04:17.122911,0
2025-04-07 05:05:57.122911,154,-23.2234,-5.7549,13,14.9,2025-04-07 05:03:16.122911,0
2025-04-07 05:06:57.122911,228,10.1666,28.8229,11,4.95,2025-04-07 05:05:01.122911,0
2025-04-07 05:07:57.122911,450,14.6816,-19.4482,93,97.51,2025-04-07 05:05:08.122911,1
2025-04-07 05:08:57.122911,489,32.7893,20.5415,76,139.7,2025-04-07 05:06:50.122911,1
2025-04-07 05:09:57.122911,609,-3.1174,23.6609,71,81.07,2025-04-07 05:07:05.122911,1
2025-04-07 05:10:57.122911,521,8.0816,-5.5482,89,139.07,2025-04-07 05:08:36.122911,1
2025-04-07 05:11:57.122911,329,32.7505,46.7377,44,16.55,2025-04-07 05:09:15.122911,0
2025-04-07 05:12:57.122911,692,27.4441,34.9658,94,103.93,2025-04-07 05:11:21.122911,1
2025-04-07 05:13:57.122911,273,13.5381,54.2982,51,15.0,2025-04-07 05:11:36.122911,0
2025-04-07 05:14:57.122911,400,-4.1578,44.2713,26,6.59,2025-04-07 05:12:35.122911,0
2025-04-07 05:15:57.122911,400,27.2019,4.6805,15,1.2,2025-04-07 05:14:50.122911,0
2025-04-07 05:16:57.122911,323,-20.4206,-4.6085,40,14.96,2025-04-07 05:14:03.122911,0
2025-04-07 05:17:57.122911,262,18.3354,17.8837,31,18.31,2025-04-07 05:15:26.122911,0
2025-04-07 05:18:57.122911,225,-16.6408,12.7053,51,1.16,2025-04-07 05:17:26.122911,0
2025-04-07 05:19:57.122911,228,16.4333,-1.0892,25,3.62,2025-04-07 05:17:27.122911,0
2025-04-07 05:20:57.122911,400,11.61,8.4006,27,12.36,2025-04-07 05:19:30.122911,0
2025-04-07 05:21:57.122911,465,-21.1256,-9.1998,96,105.39,2025-04-07 05:20:13.122911,1
2025-04-07 05:22:57.122911,193,3.6182,43.0822,32,1.27,2025-04-07 05:20:26.122911,0
2025-04-07 05:23:57.122911,117,15.4857,-2.7204,6,1.25,2025-04-07 05:21:35.122911,0
2025-04-07 05:24:57.122911,486,-16.2367,40.8599,99,143.34,2025-04-07 05:22:02.122911,1
2025-04-07 05:25:57.122911,547,32.8261,33.5468,80,104.18,2025-04-07 05:24:54.122911,1
2025-04-07 05:26:57.122911,397,1.9724,-10.4845,16,2.34,2025-04-07 05:26:09.122911,0
2025-04-07 05:27:57.122911,156,-0.6069,51.2878,46,3.9,2025-04-07 05:26:49.122911,0
2025-04-07 05:28:57.122911,695,14.419,-2.1343,81,28.55,2025-04-07 05:27:39.122911,1
2025-04-07 05:29:57.122911,516,33.8371,43.083,99,99.0,2025-04-07 05:28:15.122911,1
2025-04-07 05:30:57.122911,583,29.6218,-4.5018,92,65.35,2025-04-07 05:28:51.122911,1
2025-04-07 05:31:57.122911,339,-20.3408,20.2813,12,14.94,2025-04-07 05:30:54.122911,0
2025-04-07 05:32:57.122911,569,-21.9165,-15.0005,98,123.03,2025-04-07 05:31:07.122911,1
2025-04-07 05:33:57.122911,677,-18.7177,-11.3371,82,131.59,2025-04-07 05:32:27.122911,1
2025-04-07 05:34:57.122911,642,27.1791,14.4956,88,107.01,2025-04-07 05:34:09.122911,1
2025-04-07 05:35:57.122911,332,33.5484,32.2272,27,10.38,2025-04-07 05:33:33.122911,0
2025-04-07 05:36:57.122911,467,-12.7898,16.2785,97,117.54,2025-04-07 05:35:36.122911,1
2025-04-07 05:37:57.122911,545,-22.1331,23.2702,86,62.06,2025-04-07 05:35:15.122911,1
2025-04-07 05:38:57.122911,279,10.9201,5.5862,89,35.17,2025-04-07 05:38:14.122911,0
2025-04-07 05:39:57.122911,344,-16.0521,7.7869,45,18.4,2025-04-07 05:38:00.122911,0
2025-04-07 05:40:57.122911,193,16.7694,-13.5035,18,18.84,2025-04-07 05:37:58.122911,0
2025-04-07 05:41:57.122911,445,-22.5949,32.134,96,66.31,2025-04-07 05:39:33.122911,1
2025-04-07 05:42:57.122911,100,28.6344,-17.8157,29,7.81,2025-04-07 05:40:03.122911,0
2025-04-07 05:43:57.122911,400,-1.7695,-0.6206,10,10.4,2025-04-07 05:41:24.122911,0
2025-04-07 05:44:57.122911,100,-21.3249,-13.4939,23,15.64,2025-04-07 05:43:51.122911,0
2025-04-07 05:45:57.122911,215,-13.6009,19.3375,25,4.02,2025-04-07 05:43:42.122911,0
2025-04-07 05:46:57.122911,364,21.5482,31.9659,45,3.43,2025-04-07 05:45:49.122911,0
2025-04-07 05:47:57.122911,400,9.7562,5.3499,12,10.49,2025-04-07 05:45:20.122911,0
2025-04-07 05:48:57.122911,274,12.4377,-2.9949,40,8.14,2025-04-07 05:47:45.122911,0
2025-04-07 05:49:57.122911,561,27.738,31.4285,82,136.82,2025-04-07 05:48:38.122911,1
2025-04-07 05:50:57.122911,298,-12.5566,-6.6251,14,17.3,2025-04-07 05:48:44.122911,0
2025-04-07 05:51:57.122911,606,4.1802,6.9251,79,114.82,2025-04-07 05:49:18.122911,1
2025-04-07 05:52:57.122911,400,-29.9008,49.948,22,6.12,2025-04-07 05:50:00.122911,0
2025-04-07 05:53:57.122911,582,25.1121,27.5337,97,37.12,2025-04-07 05:53:02.122911,1
2025-04-07 05:54:57.122911,459,-33.7648,18.7755,86,117.8,2025-04-07 05:53:07.122911,1
2025-04-07 05:55:57.122911,651,21.2248,22.1408,81,108.01,2025-04-07 05:55:02.122911,1
2025-04-07 05:56:57.122911,100,-8.2261,2.8392,55,12.2,2025-04-07 05:54:28.122911,0
2025-04-07 05:57:57.122911,231,20.8939,0.0374,33,17.03,2025-04-07 05:55:48.122911,0
2025-04-07 05:58:57.122911,633,-4.2933,-3.6295,73,84.77,2025-04-07 05:56:42.122911,1
2025-04-07 05:59:57.122911,549,-14.6162,37.9201,84,50.0,2025-04-07 05:58:51.122911,1
2025-04-07 06:00:57.122911,400,6.7245,-13.2761,53,8.55,2025-04-07 05:59:26.122911,0
2025-04-07 06:01:57.122911,303,-19.3478,50.0091,46,9.19,2025-04-07 05:59:16.122911,0
2025-04-07 06:02:57.122911,265,-34.7319,-2.1406,12,18.88,2025-04-07 06:01:55.122911,0
2025-04-07 06:03:57.122911,372,34.6195,30.9379,38,9.54,2025-04-07 06:01:37.122911,0
2025-04-07 06:04:57.122911,366,-27.0071,18.8739,56,14.5,2025-04-07 06:03:17.122911,0
2025-04-07 06:05:57.122911,257,-15.3681,-8.0188,8,5.74,2025-04-07 06:04:18.122911,0
2025-04-07 06:06:57.122911,468,1.4081,25.8049,98,92.77,2025-04-07 06:06:20.122911,1
2025-04-07 06:07:57.122911,225,-4.9118,1.5443,15,3.29,2025-04-07 06:05:47.122911,0
2025-04-07 06:08:57.122911,266,-25.3202,11.9592,17,11.76,2025-04-07 06:08:07.122911,0
2025-04-07 06:09:57.122911,100,30.885,44.641,9,15.57,2025-04-07 06:08:55.122911,0
2025-04-07 06:10:57.122911,303,-7.1065,3.7685,9,6.07,2025-04-07 06:09:08.122911,0
2025-04-07 06:11:57.122911,212,1.8772,-15.7176,44,1.96,2025-04-07 06:09:09.122911,0
2025-04-07 06:12:57.122911,214,-4.6724,39.9769,31,9.29,2025-04-07 06:12:18.122911,0
2025-04-07 06:13:57.122911,504,21.5275,18.1513,86,106.65,2025-04-07 06:11:19.122911,1
2025-04-07 06:14:57.122911,629,14.685,16.1669,95,131.74,2025-04-07 06:13:54.122911,1
2025-04-07 06:15:57.122911,615,-6.6499,49.8658,85,107.89,2025-04-07 06:13:07.122911,1
2025-04-07 06:16:57.122911,244,28.288,-8.2603,43,18.37,2025-04-07 06:14:25.122911,0
2025-04-07 06:17:57.122911,178,-26.5191,-13.5944,17,3.34,2025-04-07 06:15:38.122911,0
2025-04-07 06:18:57.122911,589,6.9308,-14.6198,92,78.35,2025-04-07 06:16:58.122911,1
2025-04-07 06:19:57.122911,102,-12.1095,27.0969,50,0.39,2025-04-07 06:17:44.122911,0
2025-04-07 06:20:57.122911,181,28.6304,51.8325,6,1.44,2025-04-07 06:20:02.122911,0
2025-04-07 06:21:57.122911,229,5.465,51.8485,24,3.59,2025-04-07 06:20:57.122911,0
2025-04-07 06:22:57.122911,237,-15.0561,15.8713,53,6.57,2025-04-07 06:20:52.122911,0
2025-04-07 06:23:57.122911,711,24.8119,-19.6337,92,89.64,2025-04-07 06:23:14.122911,1
2025-04-07 06:24:57.122911,480,0.699,14.5437,86,39.42,2025-04-07 06:23:59.122911,1
2025-04-07 06:25:57.122911,282,-26.9218,40.1155,53,2.23,2025-04-07 06:25:03.122911,0
2025-04-07 06:26:57.122911,533,10.0359,-0.3117,77,24.91,2025-04-07 06:25:02.122911,1
2025-04-07 06:27:57.122911,368,33.4498,-4.9577,29,8.32,2025-04-07 06:26:53.122911,0
2025-04-07 06:28:57.122911,238,-8.4444,48.3126,45,3.46,2025-04-07 06:26:46.122911,0
2025-04-07 06:29:57.122911,601,-32.231,10.2279,97,100.02,2025-04-07 06:28:12.122911,1
2025-04-07 06:30:57.122911,483,-28.4536,12.0334,95,61.67,2025-04-07 06:30:09.122911,1
2025-04-07 06:31:57.122911,469,18.0032,2.9236,90,69.75,2025-04-07 06:29:06.122911,1
2025-04-07 06:32:57.122911,235,-14.6742,46.1676,19,1.45,2025-04-07 06:30:07.122911,0
